utterance_id	speaker_id	target_id	reply_to_id	utterance
1	P00001	P00002		Srs. Deputados, temos quórum, pelo que declaro aberta a sessão. Eram 15 horas e 35 minutos. Estavam presentes os seguintes Srs. Deputados: Partido Socialista (PS): Abílio Aleixo Curto. Acácio Manuel de Frias Barreiros. Agostinho de Jesus Domingues. Américo Albino da Silva Salteiro. António Cândido Miranda Macedo. António da Costa. António Domingues Azevedo. António Frederico Vieira de Moura. António José Santos Meira. António Manuel Azevedo Gomes. Avelino Feleciano Martins Rodrigues. Beatriz Almeida Cal Brandão. Bento Gonçalves da Cruz. Carlos Augusto Coelho Pires. Carlos Cardoso Lage. Carlos Justino Luís Cordeiro. Dinis Manuel Pedro Alves. Edmundo Pedro. Fernando Fradinho Lopes. Francisco Augusto Sá Morais Rodrigues. Francisco Igrejas Caeiro. Francisco Lima Monteiro. Francisco Manuel Marcelo Curto. Frederico Augusto Handel de Oliveira. Gaspar Miranda Teixeira. Gil da Conceição Palmeiro Romão. Henrique Aureliano Vieira Gomes. Hermínio Martins de Oliveira. João de Almeida Eliseu. João Eduardo Coelho Ferraz de Abreu. João Joaquim Gomes.
2	P00001	P00002		Srs. Deputados, a primeira parte da ordem do dia de hoje diz respeito à apreciação do processo de urgência solicitado pela Assembleia Regional da Madeira para a discussão da proposta de lei n.º 92/III, que diz respeito à assistência ao Governo Regional da Madeira na defesa das ilhas Selvagens como reserva natural. Para uma intervenção, tem a palavra a Sr.ª Deputada Cecília Catarino.
3	P00144	P00002		Sr. Presidente, Srs. Deputados: Umas necessariamente curtas palavras sobre o pedido de processo de urgência solicitado pela Assembleia Regional da Madeira sobre a proposta de lei n.º 92/III. Impõe-se, antes de mais, um brevíssimo historial sobre a, chamemos-lhe assim, «evolução» que ao longo destes últimos anos tem sofrido um diploma que, pela terceira vez e estou em crer que última, nos surge emanado do órgão legislativo próprio da Região Autónoma da Madeira. Em 1977 deu entrada na Assembleia da República, emanada da Assembleia Regional da Madeira, uma proposta de lei, à qual foi dado o n.º 146/I subordinada à epígrafe: «Assistência ao Governo Regional da Madeira na defesa das ilhas Selvagens como reserva natural». Baixou à comissão especializada (10.º), mas não foi aí discutida nem votada, nem por conseguinte chegou a subir a Plenário. Dá-se, entretanto, a dissolução da Assembleia da República em 1979. Após as eleições intercalares, nos termos constitucionais e regimentais havia que, caso o interesse no referido diploma se mantivesse, renovar a proposta. A Assembleia Regional aprovou e voltou a enviar a esta Câmara a mesma proposta de lei que recebeu desta feita o n.º 280/I. É a mesma discutida em Plenário na sessão de 4 de Junho de 1980 e aprovada na generalidade por unanimidade dos partidos representados nesta Câmara. Mas, nos termos regimentais, baixou à 9.ª Comissão para discussão na especialidade e introdução de eventuais alterações ou aditamentos que fossem considerados úteis. E aqui o diploma fica, digamos, à espera de «oportunidade», não obstante os esforços feitos pelos deputados eleitos pela Madeira para que a sua discussão se fizesse rapidamente e pudesse subir a Plenário para aprovação final global na especialidade. Da morosidade dos trabalhos parlamentares não são os deputados do PSD da Madeira responsáveis, nem podem por si só (somos apenas 4) - antes pudessem e muito diferentemente as coisas se passariam - conseguir que os diplomas emanados da Assembleia Regional da Madeira sejam discutidos e votados nesta Câmara com a celeridade que seria desejada. Só o esforço conjunto de todos nós permitirá que a vida parlamentar portuguesa seja diferente e se produza trabalho profícuo em tempo oportuno. Mas voltemos à referida «evolução» do diploma. Em 1983 temos novamente a dissolução da Assembleia da República. Da legislatura anterior fica, no entanto, consagrada na Constituição da República, então revista, o mecanismo do artigo 173.º, n.º 2, que permite à Assembleia Regional da Madeira, ela própria, solicit a esta Câmara «processo de urgência» para os diplomas daquela emanados. É este dispositivo constitucional que irá, pois, permitir à Região Autónoma da Madeira que situações como as que se passaram anteriormente não voltem a acontecer. É por força, pois, do n.º 2 do artigo 173.º da Constituição da República que hoje nos encontramos a discutir a urgência do processo da proposta de lei n.º 92/III. Indo ao fundo da questão, trata-se de saber se sim ou não é urgente discutir e fazer aprovar um diploma como este.
4	P00001	P00008		Para formular pedidos de esclarecimento, tem a palavra o Sr. Deputado Jorge Lemos.
5	P00008	P00144	3	Sr.ª Deputada Cecília Catarino, ouvi com todo o interesse e atenção a intervenção que V. Ex.ª produziu. Verifiquei que teve o cuidado de fazer um historial da passagem pela Assembleia da República das sucessivas versões desta proposta de lei da Assembleia Regional da Madeira e de referir que esta é a terceira vez que ela é apresentada. Entretanto, também esclareceu que os deputados do PSD eleitos pelo círculo eleitoral da Madeira tinham feito esforços no sentido de que esta proposta tivesse sido agendada. Ora, todas estas considerações que a Sr.ª Deputada fez levam-me a colocar algumas questões: Em primeiro lugar, gostaria de saber se é ou não verdade que desde 1980 a maioria parlamentar que tem apoiado os sucessivos governos tem contado com a participação do PSD. Dado que não nos recordamos muito bem, também gostaria que a Sr.ª Deputada dissesse se se lembra de alguma iniciativa por parte do Grupo Parlamentar do PSD no sentido do agendamento em Plenário da referida proposta de lei. A segunda ordem de questões tem a ver com o facto de V. Ex.ª ter referido os deputados do PSD eleitos pelo círculo eleitoral da Madeira como uma entidade autónoma. Assim, gostaria que me dissesse se os deputados do PSD eleitos pela Madeira se integram ou não no Grupo Parlamentar do PSD e se esses próprios deputados da Madeira alguma vez trouxeram à Assembleia da República - designadamente em intervenção produzida no período de antes da ordem do dia, uma vez que se poderia dizer que os líderes da bancada não colocavam a questão - a necessidade do agendamento desta e de outras propostas que a Região Autónoma da Madeira tem enviado para a Assembleia da República e que, sucessivamente, têm visto a recusa de agendamento. Sr.ª Deputada, será extremamente fácil assumir um papel cândido no sentido de que não tem nenhuma responsabilidade, quando o grupo parlamentar de que faz parte está integrado na maioria da Assembleia da República e V. Ex.ª e os deputados da Madeira ainda não desenvolveram qualquer esforço, desde a primeira vez em que esta proposta de lei deu entrada na Assembleia da República, para que ela fosse agendada. Uma outra questão que queria colocar tem a ver com o facto de estarmos apenas a discutir a urgência do diploma e não a substância. De qualquer modo, gostaria de perguntar se os Srs. Deputados vão propor algum regime especial para o processo de urgência ou se defendem que seja aplicado o regime normal que consta do Regime. Seria bom que esta questão ficasse clara, para não estarmos aqui a gastar tempo ao Plenário discutindo um processo de urgência para depois voltar a meter na gaveta uma iniciativa que, pela nossa parte, é considerada como positiva vinda da Região Autónoma da Madeira.
6	P00123	P00001	4	Sr. Presidente, peço a palavra.
7	P00001	P00123	6	Para que efeito, Sr. Deputado?
8	P00123	P00001	7	Sr. Presidente, gostaria de anunciar que vamos entregar na Mesa um requerimento pedindo a baixa à comissão deste pedido de urgência na base de que a Assembleia Regional da Madeira não esclarece cabalmente se opta pelo Regimento supletivo ou por alguns dos pontos previstos no artigo 245.º do Regimento.
9	P00001	P00002		Com certeza, Sr. Deputado. Para responder ao pedido de esclarecimento que lhe foi formulado, tem a palavra a Sr.ª Deputada Cecília Catarino.
10	P00144	P00008	5	Sr. Deputado Jorge Lemos, em primeiro lugar, quero dizer que os deputados do PSD eleitos pelo círculo eleitoral da Madeira são deputados que se integram dentro do Grupo Parlamentar do PSD. Não têm nenhum estatuto autónomo, mas, tal como os deputados de determinadas regiões deste país, procuram, nas suas intervenções, chamar a atenção para problemas que preferencialmente dizem respeito ao círculo pelo qual foram eleitos, embora se possam ocupar de outros assuntos, como é óbvio. No caso concreto da protecção e conservação da reserva natural das ilhas Selvagens, devo dizer que em 1980 o PSD tentou, por todos os meios possíveis, fazer agendar a discussão em Plenário desta proposta de lei. Porém, tanto quanto fui informada - e isto porque não faço parte das reuniões dos líderes dos grupos e agrupamentos parlamentares - havia sempre questões muito mais urgentes para serem tratadas e, por
11	P00008	P00001	9	Sr. Presidente, peço a palavra para fazer uma interpelação à Mesa.
12	P00001	P00008	11	Faça favor, Sr. Deputado.
13	P00008	P00001	12	Sr. Presidente, na interpelação à Mesa que há pouco o Sr. Deputado José Luís Nunes formulou, referiu que o PS iria entregar um requerimento para que o processo de urgência baixasse de novo à Comissão, dado que a Assembleia Regional da Madeira não tinha proposto o método quanto à sua discussão. Ora, creio que por parte do Sr. Deputado José Luís Nunes há um manifesto lapso, porquanto a Assembleia Regional da Madeira não tem que propor qualquer tipo de tramitação para o processo de urgência. A Assembleia Regional usou - e bem - do seu direito de requerer urgência para a apreciação de uma sua iniciativa. Portanto, é a Assembleia da República que, quando decidir da concessão da urgência - e é disso que agora estamos a tratar -, mas só após a concessão da urgência, se for caso disso - e se o PS tem objecções em conceder a urgência terá todas as possibilidades de argumentar para que tal não seja concedida -, poderá deliberar, nos termos do artigo 245.º, em que condições se deve efectuar o debate da proposta de lei: se se aplica a regra supletiva, ou seja, as regras constantes do artigo 246.º do Regimento, ou se se aplica alguma das disposições constantes do artigo 245.º do Regimento. Nesse sentido, pensamos que o requerimento anunciado pela bancada do PS não tem qualquer razão de ser e, por isso mesmo, não deve ser admitido pela Mesa.
14	P00123	P00001	12	Sr. Presidente, peço a palavra.
15	P00001	P00123	14	Faça favor, Sr. Deputado.
16	P00123	P00001	15	Sr. Presidente, V. Ex.ª irá admitir ou rejeitar o requerimento que deu entrada na Mesa: se o admitir ele será imediatamente votado, e não tenho de fazer mais considerações, mas se o rejeitar já será diferente. Portanto, gostaria de ser informado sobre essa matéria.
17	P00144	P00001	15	Sr. Presidente, peço a palavra.
18	P00001	P00144	17	Para que efeito, Sr.ª Deputada?
19	P00144	P00001	18	Sr. Presidente, gostaria de deixar registada a. minha profunda surpresa pela posição que neste momento o Partido Socialista está a adoptar. A minha surpresa é tanto maior porquanto em 1980 o PS, que era oposição, votou por unanimidade a aprovação, na generalidade, deste diploma. Este intermezzo de pretender a baixa à Comissão através de um requerimento baseado numa não especificação do processo a seguir na discussão do diploma em causa é algo que não compreendemos muito bem, pois não sabemos qual é o verdadeiro alcance do requerimento apresentado pelo PS, tanto mais que na Assembleia Regional da Madeira este diploma foi aprovado por unanimidade e foi objecto de uma intervenção especial feita pelo Sr. Deputado Duarte Caldeira, do PS, onde referia a urgente necessidade de este diploma ser aprovado.
20	P00138	P00001	18	Sr. Presidente, peço a palavra.
21	P00001	P00138	20	Faça favor, Sr. Deputado.
22	P00138	P00002		Srs. Deputados do PS, gostaria de apelar à vossa bancada no sentido de retirarem o documento que entregaram na Mesa, porque ele é verdadeiramente insólito e porque, se lhe quisessem dar o carattere de um requerimento com a força de obstrução ao prosseguimento do debate, isso seria uma gravíssima restrição a um poder que é das regiões autónomas. Os Srs. Deputados estarão ou não em acordo com esse poder - mas está constitucionalmente consagrado -, que consiste em requerer a urgência para processos legislativos que sejam oriundos das respectivas assembleias regionais. Nada na Constituição e nada na lei obriga às assembleias regionais a proporem uma tramitação para a urgência, como nada obriga o Governo da República a propor uma tramitação quando suscita processos de urgência. Não há memória de um governo da República, quando apresenta uma proposta de lei e requer processo de urgência, propor uma tramitação. Aquilo que a Assembleia hoje está aqui a deliberar, Sr. Presidente e Srs. Deputados, é apenas se se concede, ou não, a urgência que é solicitada. Pelas informações que foram trazidas a Plenário pela Sr.ª Deputada Cecília Catarino e por aquilo que todos nós devíamos saber, a matéria é pacífica, portanto não compreendemos o pânico, o pavor do PS que o leva a accionar uma guilhotina numa matéria destas, que é perfeitamente pacífica e que nos levaria escasso tempo de deliberação. A introdução deste requerimento não tem fundamento algum e, portanto, mandarmos isto para trás,
23	P00008	P00138	22	Muito bem!
24	P00144	P00002		..., que sejam um entrave ao exercício normal dos direitos das regiões autónomas. Apelamos aos Srs. Deputados do PS no sentido de reflectirem a iniciativa que tiveram, que é claramente impensada. E até estaríamos disponíveis a que se interrompesse a sessão por alguns minutos para os Srs. Deputados poderem trocar impressões, uma vez que bem parece que precisam delas face ao requerimento que apresentaram e que é inteiramente infundamentado...
25	P00030	P00001	21	Sr. Presidente, peço a palavra para fazer uma interpelação à Mesa.
26	P00001	P00030	25	Faça favor, Sr. Deputado.
27	P00030	P00001	26	Sr. Presidente, não tenho nada a obstar à sugestão feita pelo Sr. Deputado José Magalhães. Agradeço é que, antes da interrupção, se ela tiver lugar, a Mesa leia o requerimento para a Assembleia saber o que é que está em causa, concretamente.
28	P00001	P00002		Era já essa a nossa intenção, Sr. Deputado. Aliás, a Mesa só aceitou que lhe fossem sendo feitas sucessivas interpelações porque se trata de uma matéria delicada, pelo que gostaria de ouvir as opiniões das diversas bancadas. Srs. Deputados, vai ser lido o requerimento, apresentado pelo PS, que deu entrada na Mesa. Foi lido. É o seguinte: Considerando não virem definidos os condicionalismos do processo de urgência, não se sabendo claramente se a Assembleia Regional da Madeira opta que qualquer dos regimes previstos no artigo 245.º do Regimento ou pelo regime supletivo do artigo 246.º, propõe-se que o pedido do processo de urgência à proposta de lei n. º 92/III baixe à Comissão de Equipamento Social e Ambiente, para esclarecer o sentido de urgência e o regime solicitado pela Assembleia Regional da Madeira.
29	P00001	P00002		Srs. Deputados, penso que todas as bancadas já se pronunciaram, pelo que cabe à Mesa decidir se aceita ou rejeita o requerimento. Peço aos Srs. Deputados que aguardem um momento, porque a Mesa vai conferenciar. Pausa. Srs. Deputados, a Mesa entende, por unanimidade, que o requerimento não deve ser aceite uma vez que a faculdade de opção por um prazo determinado ou pela regra supletiva cabe a esta Assembleia, nos termos do artigo 245.º do Regimento.
30	P00008	P00001	29	Muito bem!
31	P00001	P00002		Parece-nos que seria um mau precedente, na falta de qualquer outro sistema já seguido por esta Assembleia, que viessem a ser as próprias assembleias regionais ou os próprios executivos a determinar qual o regime mais conveniente de discussão, relativamente a esta Assembleia. É esta, portanto, a deliberação da Mesa. Tem a palavra o Sr. Deputado José Luís Nunes.
32	P00123	P00001	31	Sr. Presidente, nós interpomos recurso da deliberação da Mesa, pelo que peço a palavra para o fundamentar.
33	P00001	P00123	32	Tem a palavra o Sr. Deputado.
34	P00123	P00002		Sr. Presidente, Srs. Deputados: O requerimento funda-se no facto de, como VV. Ex.as sabem, a Assembleia Regional da Madeira não ter optado por nenhum dos condicionalismos que dão conteúdo ao processo de urgência. É evidente que, neste caso, compete à Assembleia da República fazer essa opção, mas essa competência não é de forma alguma denegada ou afastada pelo facto de se pedir a baixa à Comissão deste diploma para que, em sede própria, se discuta qual o mecanismo de urgência mais adequado e, inclusive, se consulte a Assembleia Regional da Madeira sobre esta matéria. Não se trata, Sr. Presidente de uma denegação ou de uma não assunção de competência, mas apenas de estudar melhor o problema e de ver, em relação ao caso concreto, qual é o regime de processo de urgência mais adequado. Nesse sentido foi interposto o presente recurso e é neste sentido que, nos termos regimentais, interponho recurso da decisão de V. Ex.ª
35	P00001	P00030	27	Tem a palavra o Sr. Deputado Lopes Cardoso.
36	P00030	P00002		Sr. Presidente, penso que a decisão da Mesa corresponde à única interpretação possível do Regimento e que o recurso apresentado pelo PS não tem qualquer espécie de cabimento. Admitindo, por absurdo, a tese do Sr. Deputado José Luís Nunes, haveria, quando muito, lugar a que a Comissão especializada se pronunciasse sobre o projecto de urgência, mas só depois de o Plenário decidir ou não da urgência. Há aqui duas fases distintas, sendo a primeira no sentido de saber se a Assembleia decide ou não do processo de urgência. Uma vez decidido, este terá que decidir qual o regime que se aplica: ou o regime supletivo ou alguma das disposições que o Regimento da Assembleia contempla. Nessa fase, ainda se pode admitir que os deputados entendam que a decisão seja precedida de parecer da Comissão. Agora, parece-me totalmente absurdo que esta se pronuncie sobre qual o processo de urgência sem que o Plenário se tenha pronunciado sobre se se adopta ou não esse processo. Parece-me, Sr. Presidente, que uma tal solução não tem nenhuma hipótese de vencer nesta Câmara, visto que ela é ao arrepio do Regimento e de toda a lógica! Faça favor, Sr. Deputado.
37	P00401	P00030	36	O Sr. Deputado Lopes Cardoso disse, no fim, uma coisa que vai no se-
38	P00030	P00123	34	Não tem não, Sr. Deputado! Porque o que não faz sentido é que a Assembleia se pronuncie sobre o processo de urgência sem se ter pronunciado sobre se haverá urgência ou não. Se o Sr. Deputado substituir o seu requerimento por um outro que diga que deve baixar à Comissão antes de se votar o processo de urgência, isso terá uma certa lógica. Agora, vir dizer que não põem em causa a urgência mas que vêm discutir qual o processo a que se aplica a urgência, é que me parece - e o Sr. Deputado há-de convir nisso - que não tem qualquer lógica. A Assembleia tem de se pronunciar, antes de mais, sobre se concede ou não a urgência e em seguida ver-se-á qual o processo de urgência. Agora, não punha-mos a carroça à frente dos bois!
39	P00001	P00138	22	Tem a palavra o Sr. Deputado José Magalhães.
40	P00138	P00002		Sr. Presidente, Srs. Deputados: A bancada do PCP discorda profundamente dos termos, do conteúdo e do alcance que conseguimos divisar nesta estranha iniciativa do Grupo Parlamentar do PS. Estranhas coisas devem estar a passar-se no seio da coligação para que assim se faça turvo o que é realmente cristalino e para se querer impor à força aquilo que não tem o mínimo sustentáculo regimental. A Constituição, no seu artigo 173.º, n.º 2, estabelece que a Assembleia da República pode, por iniciativa das Assembleias Regionais dos Açores ou da Madeira, declarar a urgência do processamento de qualquer proposta de lei da sua iniciativa. Trata-se de um dispositivo constitucional ainda não aplicado entre nós e é esta a primeira vez que ele é efectivado. Devo dizer, aliás, que se trata lamentavelmente de uma péssima primeira vez, por tudo aquilo que estamos a poder testemunhar. Na verdade, aquilo que percebi que o Sr. Deputado José Luís Nunes gostaria de ter alegado, se o tivesse expresso, é que não estariam reunidas as condições para que a Assembleia da República se debruçasse sobre este processo. O Sr. Deputado José Luís Nunes disse que o Governo, isto é, a Assembleia Regional (foi lapso seu) não teria optado por nenhum condicionalismo no processo de urgência. Ora, isto é uma questão completamente falsa, digo-lhe eu, porque as Assembleias Regionais da Madeira e dos Açores não têm que optar por coisa nenhuma que caiba em exclusivo à Assembleia da República. Aqui é que entra o segundo equívoco ou a segunda irregimentalidade da impugnação - em má hora deduzida pelo PS -, que se radica numa profunda incompreensão do que seja o processo de urgência tal qual está hoje em vigor e tal qual virá, eventualmente, a estar em vigor com o novo regimento. Na verdade, como já aqui foi sublinhado, designadamente pelo Sr. Deputado Lopes Cardoso, que conhece este regime como todos os Srs. Deputados, independentemente de aspectos de aturadíssima formação jurídica - sem desprimor para o Sr. Deputado José Luís Nunes, evidentemente - este processo caracteriza-se por duas fases ou dois momentos totalmente distintos: numa primeira fase, a Assembleia da República debruça-se em terços de «sim» ou «não» sobre a concessão de urgência para o processamento de uma iniciativa e delibera, num segundo momento, sobre a tramitação, podendo fazê-lo até pelo silêncio, porque se nada deliberar expressamente tem-se por aplicável o regime supletivo, que consta do artigo 246.º do Regimento em vigor. Isto é óbvio, elementar e de meridiana clareza, nunca tendo sofrido contestação, visto que sempre se aceitou esta distinção entre os dois momentos. Quer isto dizer que o requerimento apresentado pelo PS é inteiramente descabido e, aliás, profundamente mal pensado e não sustentado em coisa nenhuma!
41	P00008	P00138	40	Muito bem!
42	P00138	P00002		O Regimento exprime taxativamente as circunstâncias em que se pode interromper um processo de debate. Isto significa que nenhum dos Srs. Deputados pode entrar aqui, agarrar num papel e suspender um debate! Se os Srs. Deputados querem mais uma interrupção, saiem da sala e vão-se embora! Não podem é meter um papelinho na Mesa e dizer que este ou aquele assunto baixa à Comissão de Equipamento, à conferência de líderes ou onde VV. Ex.as entendam! Não o podem fazer porque o Regimento só prevê, no artigo 250.º, a baixa antes da votação na generalidade, o que não é o caso, e, no artigo 155.º, a baixa no quadro das votações na especialidade. E aqui, ponto parágrafo! Não se prevê mais baixa nenhuma. Muito menos ainda, Sr. Presidente, Srs. Deputados, prevê o Regimento uma baixa que interrompesse um processo de urgência com base num suposto, imaginado e inteiramente fictício défice de pressupostos legais para o início do debate, imputando à Assembleia Regional da Madeira uma omissão de que ela realmente não é culpada, porque instruiu como tinha que instruir, com todos os papéis, o papel que aqui nos mandou e que nós temos que apreciar. A Assembleia Regional da Madeira integrou, como o Sr. Deputado José Luís Nunes sabe, todos os pressupostos legais para que este debate comece e acabe. E mesmo o requerimento para uma suposta integração do regime é impertinente, tal como a Mesa muito correctamente, em nossa opinião, entendeu. Não há portanto, Sr. Presidente e Srs. Deputados, nada a fazer senão confirmar a deliberação agora tomada pela Mesa. Pela nossa parte gostaríamos de manifestar a nossa estranheza por estarmos a ocupar este tempo à Câmara, quando deveríamos estar a votar, naturalmente, aquilo que é uma proposta de lei pacífica, aprovada por unanimidade por todos os partidos que têm assento na Assembleia Regional da Madeira, sobre uma questão que é suficientemente relevante para que não déssemos hoje ao País o triste espectáculo de uma impugnação bizarra, solipsista, inteiramente inexorável e sem nenhum fundamento regimental, que es-
43	P00010	P00138	42	Muito bem!
44	P00001	P00111		Tem a palavra o Sr. Deputado Luís Beiroco.
45	P00111	P00002		Sr. Presidente, Srs. Deputados: Creio que já quase tudo foi dito acerca desta matéria e por isso procurarei exprimir, de uma forma resumida, a posição do meu grupo parlamentar face ao requerimento apresentado pela bancada do PS e ao anúncio de impugnação da decisão de não admissão tomada pela Mesa. Creio, efectivamente, que não pode ser contestado, em primeiro lugar, que a Assembleia Regional da Madeira pode solicitar o processo de urgência e, em segundo lugar, que embora sempre que um agente parlamentar solicite um processo de urgência, possa, se quiser, dizer qual o regime que deseja que seja aplicado ao processamento de urgência. Isso é, no entanto, apenas uma faculdade do requerente. Ele não é obrigado de maneira alguma a fazê-lo, tanto mais que a última palavra nessa matéria caberá sempre ao Plenário da Assembleia da República. A Assembleia Regional da Madeira entendeu que não devia especificar qual o regime do processo de urgência que pretendia, tendo pedido simplesmente a urgência. Cabe agora ao Plenário decidir qual o regime de urgência que aplicará neste caso. De qualquer forma, penso que a decisão da Mesa foi correcta e que não faz sentido que se vá perguntar à Assembleia Regional da Madeira qual o regime que prefere, quando a Assembleia da República poderia, eventualmente, não vir a estar de acordo com esse regime. Creio, portanto, que o processo deve continuar e que é em fase ulterior que a Assembleia deve determinar, se a urgência for favoravelmente votada, qual o regime que deseja que seja aplicado a este pedido.
46	P00001	P00144	24	Tem a palavra a Sr.ª Deputada Cecília Catarino.
47	P00144	P00001	46	Sr. Presidente, é para, muito singelamente, fazer uma coisa que nunca pensei fazer, pelo menos em público, embora formalmente já tenha felicitado alguns deputados comunistas pelas suas intervenções. Queria, com efeito, congratular-me com a exposição do Sr. Deputado José Magalhães pela clareza e verticalidade que imprimiu às suas afirmações.
48	P00001	P00121		Tem a palavra o Sr. Deputado António Capucho.
49	P00121	P00001	48	Sr. Presidente, nos termos regimentais, requeiro a interrupção dos trabalhos por 15 minutos.
50	P00001	P00002		Com certeza, Sr. Deputado. Srs. Deputados, está suspensa a sessão por 15 minutos. Recomeçaremos os trabalhos às 16 horas e 30 minutos. Eram 16 horas e 15 minutos.
51	P00001	P00002		Srs. Deputados, está reaberta a sessão. Eram 16 horas e 40 minutos.
52	P00001	P00002		Vamos proceder de imediato à votação do recurso da decisão da Mesa interposto pelo Partido Socialista.
53	P00008	P00001	52	Peço a palavra para interpelar a Mesa, Sr. Presidente.
54	P00001	P00008	53	A interpelação está relacionada com este processo, Sr. Deputado?
55	P00008	P00001	54	Está, sim, Sr. Presidente.
56	P00001	P00008	55	Sr. Deputado, o processo já está esclarecido e já tinha anunciado o processo de votação.
57	P00008	P00001	56	Ó Sr. Presidente, mas antes de anunciar a reabertura da sessão V. Ex.ª anunciou logo que íamos passar à votação. Gostaríamos de saber se o partido que requereu uma interrupção dos trabalhos por 15 minutos nada tem a dizer sobre todo este processo. É que se trata de um processo que não é claro e, embora tenha havido uma decisão unânime da Mesa, a discussão não está, de modo algum, encerrada, Sr. Presidente! Há um conjunto de agentes parlamentares que ainda não se pronunciou e pode haver outros que entendam fazê-lo de novo!
58	P00001	P00002		Sr. Deputado, a Mesa decidiu proceder, ou melhor, anunciar que ia proceder à votação porque não tinha nenhuma inscrição e, obviamente, o PSD só se inscreverá se o desejar, Sr. Deputado! Portanto, como não temos nenhuma inscrição, vamos proceder à votação. Para que efeito pediu a palavra, Sr. Deputado Raul e Castro?
59	P00436	P00001	58	Queria inscrever-me para uma intervenção, Sr. Presidente!
60	P00123	P00001	58	Peço a palavra, Sr. Presidente.
61	P00001	P00123	60	Tem a palavra, Sr. Deputado.
62	P00123	P00001	61	Sr. Presidente, V. Ex.ª anunciou que ia proceder à votação, portanto não há lugar a mais nenhum pedido de inscrição nem pedido de uso da palavra. Requeiro que esse ponto do Regimento seja cumprido escrupulosamente.
63	P00001	P00002		Assim se fará, Sr. Deputado. Pausa. Sr. Deputado Raul e Castro, V. Ex.ª fez um pedido de inscrição. Acontece que ele foi feito já depois de a Mesa ter anunciado que se ia proceder à votação. Ora, parece-me que a Mesa deixou tempo suficiente para que o Sr. Deputado se tivesse inscrito antes...
64	P00436	P00001	63	Sr. Presidente, mas sucede que foi levantada a questão de que a Mesa só deveria anunciar a votação depois de ter, previamente, verificado que não havia inscrições. Foi nesse momento que eu fiz a inscrição, Sr. Presidente!
65	P00001	P00436	64	Sr. Deputado, a Mesa tinha já constatado que não havia nenhum pedido de inscrição naquele momento.
66	P00436	P00001	65	Exacto, foi por isso que fiz nesse momento a minha inscrição.
67	P00001	P00008	57	Sr. Deputado Jorge Lemos, para que efeito pede a palavra.
68	P00008	P00001	67	Sr. Presidente, creio que estamos a lavrar num equívoco! Estávamos no meio de um debate em que intervieram o Sr. Deputado José Luís Nunes, fundamentando o recurso, o Sr. Deputado Lopes Cardoso, o meu camarada de bancada José Magalhães e o Sr. Deputado Luís Beiroco, tendo entretanto o PSD entendido pedir 15 minutos de interrupção. Portanto, não foi formalmente anunciado que estava encerrado o debate e o Sr. Presidente reabriu os trabalhos anunciando a votação! Nem sequer colocou à Câmara a questão de saber se havia ou não mais algum Sr. Deputado que quisesse usar da palavra. Assim, não pode o debate ser considerado encerrado, visto não estarem preenchidas as condições regimentais que permitem fazê-lo, Sr. Presidente!
69	P00010	P00008	68	Muito bem!
70	P00001	P00008	68	Sr. Deputado, a Mesa considera que houve tempo suficiente para que os Srs. Deputados se tivessem inscrito imediatamente a seguir. Portanto, como se anunciou, vai proceder-se à votação!
71	P00120	P00001	70	Peço a palavra, Sr. Presidente.
72	P00001	P00120	71	Faça favor, Sr. Deputado.
73	P00120	P00001	72	Sr. Presidente, antes de V. Ex.ª proceder à votação, agradeço-lhe o favor de verificar se existe quórum de votação.
74	P00001	P00120	73	Assim se procederá, Sr. Deputado!
75	P00008	P00001	74	Peço a palavra, Sr. Presidente.
76	P00001	P00008	75	Faça o favor, Sr. Deputado.
77	P00008	P00001	76	Sr. Presidente, pretendo impugnar a decisão da Mesa de passar imediatamente à votação do recurso interposto pelo PS em virtude de não estarem cumpridos os normativos regimentais que permitem à Mesa encerrar um debate e anunciar o início de uma votação.
78	P00001	P00008	77	Assim se fará, Sr. Deputado, mas só depois da votação do outro recurso pendente.
79	P00138	P00001	78	É uma questão prévia, Sr. Presidente.
80	P00008	P00001	78	Peço a palavra, Sr. Presidente.
81	P00001	P00008	80	Faça favor, Sr. Deputado!
82	P00008	P00001	81	Sr. Presidente, V. Ex.ª anunciou que iria passar a votação do recurso interposto pelo Partido Socialista quanto à decisão unanimemente tomada pela Mesa de não admissão do requerimento apresentado pelo mesmo partido! Verificaram-se entretanto várias intervenções; houve um partido que pediu uma interrupção dos trabalhos, sem que antes a Mesa tivesse declarado encerrado o período de inscrições ou dado por encerrado o debate; passou o tempo de interrupção dos trabalhos pedido por esse partido; regressámos ao Plenário e V. Ex.ª, sem anunciar que não havia mais inscrições, declarou que se ia proceder à votação. Ora, consideramos que essa decisão é passível de recurso, uma vez que não estão cumpridas as normas regimentais que garantem a todos os partidos poderem pronunciar-se sobre um recurso de uma decisão da Mesa. Portanto, Sr. Presidente, este nosso recurso tem de anteceder a decisão de V. Ex.ª de pôr à votação o recurso interposto pelo Partido Socialista!
83	P00010	P00008	82	Muito bem!
84	P00008	P00001	81	Isto porque o que está em causa é o acto de V. Ex.ª ter considerado encerrado um debate que o não estava!
85	P00010	P00008	84	Muito bem!
86	P00008	P00001	81	Daí nós considerarmos que a primeira votação que tem de verificar-se é a do recurso da decisão de V. Ex.ª, ao arrepio do Regimento, considerar encerrado um debate sem permitir mais intervenções! É este recurso que, em nosso entender, deve ser votado em primeiro lugar!
87	P00010	P00008	86	Muito bem!
88	P00001	P00008	86	Sr. Deputado, já expliquei que a Mesa procedeu imediatamente ao anúncio do processo de votação porque não tinha notado qualquer outra inscrição. Cumpriu, portanto, o Regimento. A Mesa entende que o cumpriu porque não havia qualquer outra inscrição! Mas concordo inteiramente que o vosso recurso deve ter precedência. Por conseguinte vamos votá-lo.
89	P00010	P00001	88	Muito bem!
90	P00008	P00001	88	Peço a palavra, Sr. Presidente.
91	P00001	P00008	90	Sr. Deputado Jorge Lemos, conceder-lhe-ei a palavra, mas só se for para fundamentar o recurso.
92	P00008	P00001	91	Sr. Presidente, primeiro é para fazer uma interpelação à Mesa e depois para proceder à fundamentação do recurso. Em primeiro lugar, pergunto a V. Ex.ª se a decisão que anunciou é uma decisão de V. Ex.ª, enquanto Presidente, ou se é uma decisão colectiva da Mesa.
93	P00001	P00008	92	Sr. Deputado, relativamente à decisão tomada sobre a primeira matéria, que respeitava a passar-se de imediato à votação, tratou-se de uma decisão do Presidente na condução dos trabalhos. Não estava em causa qualquer dúvida acerca da interpretação do Regimento que exigisse uma conferência da Mesa. Essa decisão foi, portanto, esclusivamente do Presidente.
94	P00437	P00001	93	Dá-me licença que o interrompa, Sr. Presidente?
95	P00001	P00008	92	Com certeza, Sr. Deputado.
96	P00008	P00001	95	Sr. Presidente, é contra essa sua decisão que nós reclamamos e da qual recorremos para a Mesa, pois entendemos que esta tem uma palavra a dizer sobre a condução dos trabalhos da Assembleia.
97	P00001	P00002		Nesse caso, Sr. Deputado, só um momento, pois vou consultar a Mesa. Pausa. Srs. Deputados, só para informação, a Mesa está de acordo com a decisão tomada pelo Presidente. Portanto, vamos proceder à votação do recurso...
98	P00008	P00001	97	Peço a palavra, Sr. Presidente.
99	P00001	P00008	98	Sr. Deputado, vamos votar. Suponho que V. Ex.ª já fundamentou o seu recurso e por isso não volto a dar-lhe a palavra para qualquer interpelação à Mesa, até porque já foi declarado o início da votação do recurso.
100	P00438	P00001	99	Muito bem!
101	P00008	P00001	99	Insisto no pedido de palavra, Sr. Presidente.
102	P00001	P00008	101	Tem a palavra, Sr. Deputado.
103	P00008	P00001	102	Sr. Presidente, recorremos de uma decisão da Mesa, tivemos a oportunidade de dizer - rapidamente, e para não roubar tempo aos trabalhos da Assembleia - as razões por que recorríamos da decisão, em primeiro lugar, de V. Ex.ª e agora da decisão assumida pela Mesa. Pensamos que V. Ex.ª não pode pôr a matéria à votação sem primeiro perguntar à Assembleia se outras bancadas desejam pronunciar-se sobre o recurso, por nós interposto quanto à decisão de V. Ex.ª
104	P00001	P00002		Srs. Deputados, vamos proceder à votação do recurso. Pausa.
105	P00001	P00002		Srs. Deputados, a Mesa continua a não ter inscrições para intervenções. Portanto, não vamos perder tempo, nem vamos estar a perguntar a cada um dos Srs. Deputados se se quer inscrever...
106	P00438	P00001	105	Muito bem!
107	P00436	P00001	105	Peço a palavra, Sr. Presidente.
108	P00001	P00436	107	Tem a palavra, Sr. Deputado.
109	P00436	P00002		Sr. Presidente, Srs. Deputados: O que está em causa neste recurso, o qual tem a nossa concordância, é o facto de o Sr. Presidente da Mesa não ter anunciado que não havia inscrições, tendo apenas informado que se iria proceder à votação. Em nosso entender, com este procedimento - demasiado apressado - o Sr. Presidente impediu, nomeadamente, que uma das bancadas se pudesse pronunciar sobre a matéria em apreço, visto que tinha feito a inscrição nesse momento: e tinha-a feito quando foi justamente levantada a questão de que a Mesa deveria, antes de passar à votação, inquirir sobre a existência de inscrições. Penso que a decisão da Mesa de não permitir mais inscrições, mesmo aquela que foi feita, é uma decisão que é possível de recurso e que, por tal, deve ser votado favoravelmente. Há em tudo isto um procedimento, demasiado rápido, repito, que não se coaduna com uma equilibrada administração dos trabalhos.
110	P00439	P00436	109	Muito bem!
111	P00001	P00002		Srs. Deputados, se não há mais inscrições, vamos votar o recurso interposto pelo Partido Comunista Português. Submetido à votação, foi rejeitado, com votos contra do PS e do PSD, votos a favor do PCP, do MDP/CDE, da UEDS, e do deputado independente António Gonzalez e a abstenção do CDS.
112	P00001	P00030	38	Para uma declaração de voto, tem a palavra o Sr. Deputado Lopes Cardoso.
113	P00030	P00002		Sr. Presidente, Srs. Deputados: Votámos favoravelmente o requerimento apresentado pelo Partido Comunista Português, não tanto fundamentados numa interpretação das próprias normas regimentais mas como uma forma de protesto quanto ao modo - em nosso entender demasiado rígido e ao arrepio de tudo quanto tem sido a praxe e a tradição nesta Assembleia - como a Mesa decidiu conduzir os trabalhos, rigidez que, aliás, não serve o bom andamento dos trabalhos mas ao contrário, como os factos que acabam de ocorrer o comprovam.
114	P00010	P00030	113	Muito bem!
115	P00001	P00111	45	Também para uma declaração de voto, tem a palavra o Sr. Deputado Luís Beiroco.
116	P00111	P00002		Sr. Presidente, Srs. Deputados: Abstivemo-nos na votação deste recurso porque, não estando em causa claramente uma questão de interpretação do Regimento - o que estava verdadeiramente em causa era uma mera apreciação de matéria de facto - o problema era o de saber no fundo se tinha sido dada ou não uma oportunidade a que todos os deputados das diversas bancadas se quisessem inscrever, o tivessem podido fazer em tempo útil. Sendo assim, não quisemos, obviamente, votar contra a Mesa visto não estar em questão uma matéria de direito. Devemos, no entanto, esclarecer que, para evitar que futuramente situações similares se repitam, é do nosso parecer que será mais conveniente que a Mesa, antes de passar à votação, pergunte, previamente, se não há mais inscrições.
117	P00010	P00111	116	Muito bem!
118	P00001	P00294		Para uma declaração de voto, tem a palavra o Sr. Deputado Jorge Lacão.
119	P00294	P00002		Sr. Presidente, entendemos não nos pronunciarmos a propósito do recurso interposto pelo Partido Comunista Português. Fazêmo-lo apenas como simples declaração de voto, pela seguinte razão: a bancada do Partido Socialista tinha interposto o recurso de uma decisão da Mesa, o que se pode fazer, nos termos regimentais, ao abrigo do artigo 35.º, n.º 2, do Regimento, que diz que «das deliberações da Mesa cabe reclamação e recurso para o Plenário». Sucede que o artigo 96.º do Regimento, que regulamenta o exercício do uso da palavra pelos deputados, afirma que «o deputado que pediu a palavra para reclamações, recursos ou protestos, limitar-se-á a indicar, sucintamente - e sublinho «sucintamente» - o seu objecto e fundamento». Foi esattamente isto que tinha feito o líder da minha bancada, o Sr. Deputado José Luís Nunes. Ele indicou e fundamentou sucintamente, a razão de ser do recurso. Ora, Sr. Presidente e Srs. Deputados, o que non se percebe è que o Regimento imponha ao deputado que interpõe o recurso, fundamentá-lo em termos sucintos e que se permita aos demais deputados que possam inscrever-se para intervenções em termos normais, quando ao deputado que requer o recurso, a esse esteja vedada essa faculdade regimental. Sr. Presidente, numa circunstância destas, em termos regimentais nada mais haveria a fazer do que passar de imediato, e sem qualquer outra intervenção, à votação do recurso apresentado pelo Sr. Deputado José Luís Nunes.
120	P00006	P00294	119	Muito bem!
121	P00294	P00002		Foi nesse entendimento que mantivemos o silêncio e que votamos contra o recurso apresentado pelo Partido Comunista Português.
122	P00440	P00294	121	Muito bem!
123	P00001	P00105		Para uma declaração de voto, tem a palavra o Sr. Deputado José Manuel Mendes.
124	P00105	P00001	123	Sr. Presidente, é importante que se diga que a nossa votação não é apenas o resultado de um acto de coerência com o recurso que havíamos interposto relativamente à decisão da Mesa mas, fundamentalmente, um mecanismo tendente a obter e a garantir a clareza de cada uma das fases do debate. O que tem estado a faltar, de modo muito grave, a toda esta discussão é, giustamente, transparência.
125	P00010	P00105	124	Muito bem!
126	P00105	P00002		O Sr. Deputado José Luís Nunes havia recorrido de uma anterior deliberação da Mesa. Da nossa parte, entendemos que cabia a cada grupo parlamentar, o direito de exprimir a sua posição relativamente à questão em apreço, ao contrário da concepção «guilhotinesca» do Sr. Deputado Jorge Lacão, que vai tão longe que nem o próprio «Regimento-colete-de-forças» revisto foi capaz de a acolher, secondo a qual o «recurso apenas é alegado por aquele que o interpõe, não havendo direito a que outros procedam, igualmente, a alegações».
127	P00010	P00105	126	Muito bem!
128	P00105	P00002		Ora, nós temos esse direito, não só em nome da clareza dos actos mas também da evidenciação democrática dos propósitos de cada um dos agentes desta Câmara! È, neste momento, fondamentale procurar começar a definir os contornos do porquê de tantos atropelos, do porquê de tanto expeditismo serôdio e primário, do porquê de tanta crispação!
129	P00010	P00105	128	Muito bem!
130	P00105	P00002		Certamente que o mistério tenderá a ficar um pouco meno envolto em bruma à medida que pudermos prosseguir o debate, já em hora triste malsinado pela iniciativa da bandada do Partido Socialista. E é bom que se defina, sem qualquer subterfúgio, qual o conjunto das razões obscuras, de fundo ou de epiderme, que fazem com que, por detrás do desentendimento de uma coligação, aflorem, com liquidez e uma vez mais, todos os sinais da sua sistemática incapacidade de se governar e de, pior ainda, governar o País.
131	P00010	P00105	130	Muito bem!
132	P00105	P00002		É bom que, em termos precisos, se aclare o que aqui se passou, e não tente reduzir o nosso recurso a uma questão meramente adjectiva, porque ele visou e conseguiu, diga-se desde já, tornar absolutamente desnudado aquilo que pretendiam que fosse opaco e escuro.
133	P00010	P00105	132	Muito bem!
134	P00001	P00002		Srs. Deputados, tinha sido requerida a contagem de quórum. Ora, verificando-se que este existe, vamos proceder à votação do recurso interposto pelo Partido Socialista da decisão da Mesa de não admitir o requerimento apresentado pelo mesmo partido. Submetido à votação, foi aprovado, com votos a favor do PS e do PSD, com votos contra do PCP, do CDS, do MDP/CDE, da UEDS, dos deputados do PSD, Correia de Jesus, Jardim Ramos, Cecília Catarino e
135	P00001	P00111	116	Para uma declaração de voto, tem a palavra o Sr. Deputado Luís Beiroco.
136	P00111	P00002		Sr. Presidente, Srs. Deputados: Não podemos deixar de considerar grave o que se acabou de passar, isto è, que se vote um recurso contra uma decisão unânime da Mesa que tinha o todo e fundamental apoio regimental. Não podemos - e repito-o - deixar de considerar grave que se «atire às ortigas» o Regimento desta Casa por dificuldades políticas momentâneas. Compreenderíamos perfeitamente que a maioria decidisse não conceder a urgência aos diplomas que estavam a ser discutidos. No entanto, non percebemos e não podemos admitir - e isso deve ser sublinhado - que se usem interpretações ad hoc do Regimento da Assembleia da República para evitar dificuldades em diplomas, ainda por cima, que já se encontram há meses na Assembleia e agendados com o voto favorável da maioria e que, apenas hoje, esta última tenha descoberto eventuais dificuldades políticas que podiam constar desses diplomas. Não é um bom processo o de arranjar interpretações ad hoc cada vez que surgem dificuldades políticas. É um mau sistema de funcionamento da Assembleia da República, pois acabará por se virar contra aqueles que hoje o utilizaram em seu benefício.
137	P00441	P00111	136	Muito bem!
138	P00144	P00001	135	Peço a palavra, Sr. Presidente.
139	P00001	P00144	138	Para que efeito, Sr.ª Deputada?
140	P00144	P00001	139	Sr. Presidente, em forma de interpelação à Mesa, pretendo solicitar que, em relação aos quatro Srs. Deputados do PSD que votaram contra o recurso interposto pelo PS, fossem indicados os respectivos nomes para que constem do Diário da Assembleia da República.
141	P00442	P00144	140	Já consta.
142	P00001	P00002		Sr.ª Deputada, vai atender-se à sua solicitação, embora essa já seja uma praxe. Portanto, votaram contra os Srs. Deputados Correia de Jesus, Cecília Catarino, Virgílio Pereira e Jardim Ramos. Para uma declaração de voto, tem a palavra o Sr. Deputado Lopes Cardoso.
143	P00030	P00002		Sr. Presidente, Srs. Deputados: Que se recusasse a prioridade para a defesa das ilhas Selvagens era uma coisa, mas que se tenha transformado este Regimento numa selva, em que qualquer maioria talha os caminhos à sua medida, è algo de muitíssimo mais grave e que não pode passar, pelo meno, sem o nosso protesto.
144	P00010	P00030	143	Muito bem!
145	P00001	P00436	109	Tem a palavra o Sr. Deputado Raul e Castro.
146	P00443	P00002		Sr. Presidente, Srs. Deputados: O MDP/CDE votou contra o recurso apresentado pelo Partido Socialista porque claramente a matéria desse recurso só tinha nesta Assembleia, tão evidente era a sua falta de razão, o apoio do partido proponente. Paradoxalmente, a votação veio a traduzir-se numa espécie de «milagre da multiplicação dos pães», porque aos votos do Partido Socialista vieram a juntar--se, inesperadamente, os votos do Partido Social-Democrata, excepto de quatro Srs. Deputados deste último partido que não votaram a favor. Trata-se de matéria em que, efectivamente, o PS, na votação do seu requerimento, estava isolado. Não tinha apoio do Regimento, pois, na realidade, a proposta de lei apresentada pelos Srs. Deputados da Assembleia Regional da Madeira não tinha de indicar o processo regimental e devia ser aplicável a regra supletiva do artigo 146.º do Regimento por não o ter indicado nem ser obrigada a fazê-lo. O que questionamos è se estará em causa, afinal, a defesa das ilhas Selvagens como reserva natural ou uma outra obscura defesa de uma reserva para fins não naturais, ou seja, militares. O futuro o virá dizer.
147	P00010	P00436	109	Muito bem!
148	P00001	P00008	103	Tem a palavra o Sr. Deputado Jorge Lemos.
149	P00008	P00002		Sr. Presidente, Srs. Deputados: O Partido Comunista Português votou contra o recurso interposto pelo PS, que depois veio a colher o apoio oficial do PSD, por considerar que, com esta votação, ficou claro na Assembleia da República que o PS e o PSD pretendem, casuísticamente, pôr a Constituição «no bolso» e escamotear a Assembleia Regional da Madeira e os direitos constitucionais que a essa mesma Assembleia assistem, colocando em causa a autonomia regional constitucional consagrada. De facto, Sr. Presidente, como dissemos durante o debate deste recurso, o n.º 2 do artigo 173.º da Constituição atribui competência às assembleias regionais para solicitarem à Assembleia da República que seja declarado processo de urgência para apreciação das suas iniciativas. Ora, foi o que a Assembleia Regional da Madeira deliberou fazer, aliás, por unanimidade. Sr. Presidente, Srs. Deputados: É a primeira vez que é questionado nesta Assembleia da República que um requerimento solicitando urgência deva conter qual a tramitação que essa mesma urgência deve seguir. A ser seguida a filosofia expendida pelos Srs. Deputados do Partido Socialista, teríamos de exigir, da parte do Governo, que tantas vezes tem colocado urgências a esta Assembleia da República, que anexasse ao seu pedido de urgência a tramitação que pretendia ver seguida para o tratamento dessas mesmas matérias e tal nunca se verificou. Aliás, Sr. Presidente e Srs. Deputados, o Regimento é claro quanto a esta matéria. Fica claro que há um primeiro passo, ou seja, que a Assembleia se debruça sobre a concessão ou não da urgência e que só posteriormente se preocupa com o regime dessa mesma urgência. O que aqui se passou è algo de inaceitável, mas também deixa antever os artificialismos, as golpaças contra o próprio Regimento a que esta maioria é, capaz
150	P00144	P00001	148	Peço a palavra, Sr. Presidente.
151	P00001	P00144	150	Para que efeito, Sr.ª Deputada?
152	P00144	P00001	151	Sr. Presidente, faço-o para anunciar que faremos entrada na Mesa de uma declaração de voto por escrito.
153	P00001	P00002		Srs. Deputados, visto que foi dado provimento ao recurso interposto pelo PS, vamos proceder à votação do requerimento, cujo conteúdo já foi lido. Submetido à votação, foi aprovado, com votos a favor do PS, votos contra do PCP, do CDS, do MDP/CDE, dos deputados do PSD, Virgílio Pereira, Cecília Catarino, Correia de Jesus, Jardim Ramos, Pedro Paulo e Paulo Silva e do deputado independente António Gonzalez e abstenções do PSD e dos deputados do PS, Mota Torres e Avelino Rodrigues.
154	P00001	P00008	149	Entretanto, para interpelar a Mesa, tem a palavra o Sr. Deputado Jorge Lemos.
155	P00008	P00001	154	Sr. Presidente, quando V. Ex.ª anunciou a votação ou ia fazê-lo, eu tinha pedido a palavra para solicitar que houvesse uma contagem, bancada a bancada, porque temos dúvidas quanto ao resultado que foi anunciado pela Mesa. Ora, uma vez que tal não foi feito, requeiro a V. Ex.ª que se proceda à confirmação da votação, havendo uma contagem dos Srs. Deputados para efeitos de se apurar qual o real sentido da votação da Assembleia da República.
156	P00001	P00002		Assim faremos, Sr. Deputado. Portanto, vamos repetir a votação. Submetido de novo à votação, o requerimento foi aprovado, com 62 votos a favor (do PS), 49 votos contra (do PCP, do CDS, do MDP/CDE, dos deputados do PSD Virgílio Pereira, Cecília Catarino, Correia de Jesus, Jardim Ramos, Pedro Paulo e Paulo Silva, e do deputado independente António Gonzalez) e 22 abstenções (do PSD e dos deputados do PS Mota Torres e Avelino Rodrigues).
157	P00001	P00436	109	Para uma declaração de voto, tem a palavra o Sr. Deputado Raul e Castro.
158	P00436	P00002		Sr. Presidente, Srs. Deputados: Graças à continuação do «milagre da multiplicação dos pães», desta vez, através da forma passiva, o PSD veio permitir que um requerimento apresentado pelo PS fosse aprovado. Só, efectivamente, a abstenção da grande maioria dos Srs. Deputados do PSD, com excepção dos quatro Srs. Deputados da Região Autónoma da Madeira e de dois da Região Autónoma dos Açores, permitiu que este requerimento fosse aprovado. Votámos contra este requerimento porque, como há pouco referimos em idêntica declaração de voto, ele não tinha nenhum fundamento, como foi referido por todas as bancadas, inclusivamente pela decisão unânime da Mesa da Assembleia. Efectivamente, o requerimento vem inexplicavelmente ou por explicação de razões obscuras utilizar a tramitação normal de uma resolução à qual havia todo o interesse em que se seguisse o processo normal previsto no Regimento, ou seja, o processo de urgência.
159	P00001	P00123	62	Tem a palavra o Sr. Deputado José Luis Nunes.
160	P00123	P00001	159	Sr. Presidente, apresentámos este requerimento para permitir o exame em Comissão - sendo esta um órgão da Assembleia da República - das condições em que o processo de urgência pode, deve ou não, ser concedido. Obviamente que a Assembleia da Região Autónoma da Madeira, o Governo ou até qualquer Sr. Deputado ou grupo parlamentar que peçam um processo de urgência não são obrigados a indicarem os termos em que esse processo deve ser concedido. Na verdade, a Assembleia é que tem a faculdade de, se assim o entender, pedir uma ponderação em Comissão. Ora, foi isso o que se fez e nada mais.
161	P00001	P00138	79	Tem a palavra o Sr. Deputado José Magalhães.
162	P00138	P00002		Sr. Presidente, Srs. Deputados: Perante o mistério são fracas todas as palavras e, algumas, até bastante turvas, como aquelas que acabámos de ouvir. Na verdade, há 5 anos que todos temos o dever de conhecer a proposta que agora suscitou a polémica desencadeada pelo PS, nesta Assembleia, da forma que todos pudemos testemunhar e que é verdadeiramente lamentável. Há 5 anos que conhecemos o seu conteúdo. Desde 1971 que se sabe, em Portugal, que as ilhas Selvagens são uma reserva natural com todas as implicações legais que daí decorrem quanto à utilização daquele espaço e quanto à preservação da flora e da fauna aí existentes. Há muitos dias que está pendente na Assembleia da República a última versão desta proposta de lei, aprovada por unanimidade na Assembleia Regional. Na conferência de líderes, o PS, por amnésia ou por qualquer outra razão menos confessável, não deduziu qualquer oposição - em boa verdade, deve dizer-se que não podia deduzi-la - à inclusão na ordem do dia da apreciação deste processo de urgência. Este processo de urgência è, tal como o nome diz, um pedido para que a Assembleia da República considere que a apreciação desta proposta, que esperou 5 anos, deve ter lugar neste momento. Não è cedo, è talvez o tempo justo. E eis, então, que subitamente o PS descobriu uma nova peripécia, um novo incidente regimental, uma figura nunca antes vista que è, em rectificação e rasura às alegações iniciais do Sr. Deputado José Luís Nunes, a afirmação de que este incidente se dirimirá para o futuro e, para nosso prazer e riso, baixa à Comissão para apreciação das condições de tramitação, a pedido de quem tem dúvidas mesmo ao fim de 5 anos de reflexão. É de peso e è de estalo!
163	P00008	P00138	162	Sem dúvida!
164	P00138	P00002		Em todo o caso, a Assembleia da Região Autónoma da Madeira não está sujeita a estas fantasias ou a estes delíquios imaginativos de última hora de quem tem forçosamente outras razões. Hão-de estar alhures essas razões, Sr. Presidente e Srs. Deputados, mas o povo português não ficou a sabê-las. E coisa muito inquietante è que a população da Madeira também não fica a saber qual é o interesse tão poderoso dessas ilhas pequeníssimas do Atlântico que leva o PS, em associação não sabemos com quem nem em que condições, a introduzir todos os atropelos ao processo regimental de urgência para vir dizer aqui, ao fim de 5 anos, aquilo que ouvimos e que è desajeitado, trôpego, anti-regimental, violador de uma deliberação sensata tomada pela Mesa desta Assembleia. Que interesses poderosos levam a que estas pequeninas parcelas territoriais portuguesas no Atlântico motivem todo este veso, que não sei se não levará o PS a requerer a realização de uma reunião secreta da Comissão de Negócios Estrangeiros!...
165	P00008	P00138	164	Muito bem!
166	P00138	P00002		..., porque ao que parece é de uma reunião secreta da Comissão de Negócios Estrangeiros que o PS está a precisar e não de uma mera baixa à Comissão. Nós cremos que vai ser muito interessante, mas também preocupante, acompanhar a evolução deste episódio que seria caricato se não fosse gravíssimo. O meu grupo parlamentar vai propor que se fixe prazo certo para que esta baixa à Comissão não se transforme num relegar para as «calendas» desta medida, agora vergonhosamente adoptada com atropelo do Regimento da Assembleia da República. É o que faremos de imediato, Sr. Presidente, e é a justa resposta a um atropelo inaceitável.
167	P00010	P00138	166	Muito bem!
168	P00001	P00111	136	Também para uma declaração de voto, tem a palavra do Sr. Deputado Luís Beiroco.
169	P00111	P00002		Sr. Presidente, Srs. Deputados: Este debate que acabámos de travar tem certamente uma aparência e uma realidade. Ficámos pela aparência, tratando sucessivamente de várias questões processuais que se foram enxertando ao longo do debate. Já foi aqui referido que a realidade aparecerá mais tarde. No entanto, o que agora me parece importante sublinhar é que os partidos da coligação, incapazes de programarem os trabalhos da Assembleia da República e de se entenderem sobre as questões de fundo, mais uma vez tiveram que fazer uso de interpretações ad hoc, perfeitamente abusivas, do Regimento para saírem de uma dificuldade momentânea com que se defrontavam. Como há mar e mar, há ir e voltar, eu ainda hei-de ver os partidos da maioria arrependerem-se das interpretações abusivas do Regimento e virem depois invocar a estabilidade do Regimento...
170	P00008	P00111	169	Muito bem!
171	P00111	P00002		... quando porventura não lhes convier que se façam interpretações abusivas como aquela que acabaram de fazer.
172	P00105	P00111	171	É o papelatio!
173	P00008	P00111	171	Há que dar instruções com mais rigor!
174	P00001	P00123	160	Srs. Deputados, deu entrada na Mesa um requerimento, subscrito por vários Srs. Deputados do PCP, com o seguinte teor: Os deputados abaixo assinados, do Grupo Parlamentar do PCP, requerem ao abrigo das disposições regimentais aplicáveis, que o prazo para a apreciação da concessão da urgência para a proposta de lei n.º 92/III pela Comissão de Equipamento Social e Ambiente seja de 5 dias. Para interpelar a Mesa, tem a palavra o Sr. Deputado José Luís Nunes.
175	P00123	P00002		Quando se formulou o requerimento, que tive ocasião de formular, o prazo...
176	P00138	P00123	175	Não estava lá!
177	P00123	P00138	176	Estava, sim, Sr. Deputado. E estava regimentalmente...
178	P00138	P00123	177	Mentalmente!
179	P00123	P00002		Não é mentalmente, Sr. Deputado. Desde que não haja nenhuma referência ao prazo, é evidente que funciona o prazo supletivo de 30 dias. Portanto, não há que votar rigorosamente nada nem esse requerimento pode ser, sequer, admitido.
180	P00001	P00008	173	Tem a palavra o Sr. Deputado Jorge Lemos.
181	P00008	P00001	180	Sr. Presidente, queria, também em jeito de interpelação à Mesa, dizer a V. Ex.ª que esta interpelação do Sr. Deputado José Luís Nunes deve tratar-se de um equívoco dado que, não estando prevista no Regimento a figura que foi utilizada pelo Grupo Parlamentar do PS, também não pode estar previsto qualquer prazo supletivo. E é um direito de qualquer grupo parlamentar propor que o prazo de apreciação de qualquer matéria em comissão seja de 5 dias, 10 dias, 15 dias, l mês, 2 meses, 3 meses, o que a Assembleia deliberar.
182	P00138	P00008	181	V. Ex.ª esqueceu-se disso!
183	P00001	P00030	143	Também para interpelar a Mesa, tem a palavra o Sr. Deputado Lopes Cardoso.
184	P00030	P00002		Sr. Presidente, de facto, cada vez mais tendemos a entrar numa situação em que o melhor será solicitar à Imprensa Nacional--Casa da Moeda que não gaste tempo, dinheiro e papel a imprimir um novo Regimento; já que a maioria se propõe definir aqui, no dia-a-dia, o Regimento, não vale a pena continuarmos a fazer essa despesa. Sr. Presidente, Srs. Deputados: È evidente e óbvio, através da leitura do Regimento, que qualquer grupo parlamentar pode apresentar uma proposta no sentido de definir o prazo de baixa à Comissão.
185	P00001	P00123	179	Sr. Deputado José Luís Nunes, pretende a palavra para que efeito?
186	P00123	P00001	185	Sr. Presidente, eu tinha pedido autorização ao Sr. Deputado Lopes Cardoso para que me deixasse interrompê-lo.
187	P00030	P00001	185	Não o concedi porque não vi o seu gesto, se tivesse visto, é claro que concederia. Assim, solicito a boa vontade da Mesa para que o Sr. Deputado José Luís Nunes me possa ainda interromper, embora eu já tenha terminado a minha intervenção.
188	P00001	P00030	187	Realmente, só com boa vontade, pois V. Ex.ª já terminou.
189	P00030	P00001	188	Sr. Presidente, penso que a boa vontade da Mesa na condução dos trabalhos se traduz num processo de celeridade.
190	P00001	P00123	186	Tem a palavra o Sr. Deputado José Luís Nunes.
191	P00123	P00030	189	Sr. Deputado Lopes Cardoso, V. Ex.ª fez-me uma acusação grave. E só pela consideração que tenho por V. Ex.ª, só por V. Ex.ª, lhe vou responder.
192	P00138	P00123	191	Não pelos outros 249 Deputados!
193	P00008	P00123	191	Os outros são todos uma cambada de bestas!
194	P00123	P00030	189	Bom, eu não o disse, nem nunca o pensei. O Sr. Deputado Lopes Cardoso acusou-me directamente de tomar decisões casuísticas, à medida que o Regimento o exige. Na última sessão em que esse ponto foi votado, eu chamei à atenção, através de uma declaração de voto, que, de acordo com a minha maneira de ver, tinha havido um erro na votação e que, quando se faz um pedido de baixa à comissão sem se indicar o prazo, obviamente que é possível indicar o prazo até ao momento em que ele é votado. De outra forma - também o disse nessa declaração de voto - tem de recorrer-se ao prazo supletivo que é de 30 dias. È este, Sr. Deputado Lopes Cardoso, o entendimento que considero mais adequado. Dito isto, e explicitados estes pontos de vista, em coerência com o que disse em declaração de voto na 6.ª feira - repito - não vamos criar nenhum incidente regimental. Vamos aceitar a decisão da Mesa, se essa decisão for pela votação do requerimento apresentado pelo PCP, simplesmente não podia deixar de dizer isto, em coerência com o que tinha dito há 4 dias. Daí que a acusação do Sr. Deputado Lopes Cardoso não tenha, de facto, sentido.
195	P00001	P00030	189	Sr. Deputado Lopes Cardoso, pretende continuar a sua intervenção?
196	P00030	P00123	194	Sim, Sr. Presidente, uma vez que fui interrompido, continuaria. Muito rapidamente, queria dizer ao Sr. Deputado José Luís Nunes que não o acusei de rasgar o Regimento. Acusei, e reformulo a acusação, a maioria de rasgar o Regimento. Ora, o Sr. Deputado faz parte da maioria, mas suponho que não é ainda a maioria.
197	P00294	P00030	196	Rasga só uma página!
198	P00001	P00008	193	Srs. Deputados, a Mesa entende que os prazos supletivos, como o seu nome indica, só são estabelecidos desde que não tenha sido requerido qualquer outro prazo. É o que acontece com este requerimento que nos parece ter toda a justificação. E à semelhança do que fez há poucos dias, a Mesa aceita o requerimento. Vamos, portanto, proceder à sua votação. Tem a palavra, Sr. Deputado Jorge Lemos.
199	P00008	P00001	198	Sr. Presidente, como compreenderá, trata-se de uma matéria suficientemente importante para que seja verificado o quórum da Assembleia antes de procedermos à votação.
200	P00001	P00123	194	Com certeza, Sr. Deputado. Vamos proceder à contagem. Tem a palavra o Sr. Deputado José Luís Nunes.
201	P00123	P00001	200	Sr. Presidente, como há, neste momento, comissões a funcionar, requeria a V. Ex.ª que aguardasse 2 minutos de modo a permitir que esses Srs. Deputados aqui possam chegar.
202	P00001	P00002		Com certeza, Sr. Deputado. Pausa. Srs. Deputados, vamos então proceder à votação do requerimento que já foi lido. Submetido à votação, foi rejeitado, com votos contra do PS e do PSD, votos a favor do PCP, do CDS, do MDP/CDE, da UEDS, dos deputados do PSD Cecília Catarino, Correia de Jesus, Jardim Ramos, Paulo Silva, Pedro Paulo e Virgílio Pereira e do deputado independente António Gonzalez e a abstenção do deputado do PS Mota Torres.
203	P00001	P00002		Srs. Deputados, antes de interrompermos os trabalhos para o intervalo regimental, quero comunicar-lhes que o Sr. Presidente convoca os senhores representantes dos grupos e agrupamentos par-
204	P00030	P00001	203	Sr. Presidente, pretendia que a Mesa me informasse se, no reinicio dos trabalhos, passaremos à segunda parte da ordem do dia ou se se irá prolongar a primeira parte.
205	P00001	P00030	204	Recomeçaremos pelas declarações de voto sobre este requerimento.
206	P00030	P00001	205	Mas já não se discutirá o segundo pedido de urgência agendado para a primeira parte?
207	P00001	P00008	199	Não, Sr. Deputado, não temos tempo para esse efeito. Tem a palavra o Sr. Deputado Jorge Lemos.
208	P00008	P00001	207	Sr. Presidente, durante os 2 minutos de interrupção que V. Ex.ª, a pedido do PS, concedeu, tivemos oportunidade de trocar opiniões, designadamente com a bancada do PSD - não tivemos ocasião de falar com as outras bancadas - e parece que havia acordo para que pudéssemos deixar hoje resolvido o problema dos pedidos de urgência, evitando assim o agendamento desse assunto para outras reuniões. Assim, houve acordo no sentido de se prolongar a primeira parte. Só que não tivemos oportunidade de consultar as outras bancadas.
209	P00001	P00002		Com certeza, Sr. Deputado. Então, depois do intervalo discutiremos o assunto. Está suspensa a sessão. Eram 17 horas e 35 minutos. Após o intervalo, assumiu a presidência o Sr. Presidente, Fernando Amaral.
210	P00001	P00002		Srs. Deputados, está reaberta a sessão. Eram 18 horas e 45 minutos.
211	P00001	P00030	206	Para uma declaração de voto, tem a palavra o Sr. Deputado Lopes Cardoso.
212	P00030	P00001	211	Prescindo, Sr. Presidente.
213	P00001	P00444		Para uma declaração de voto, tem a palavra o Sr. Deputado Gaspar Martins.
214	P00444	P00002		Sr. Presidente, Srs. Deputados: Votámos a fixação de um prazo de 5 dias para a comissão especializada emitir parecer a fim de que se destacasse, sem sofismas, a vontade política dos partidos da maioria de resolver com a celeridade necessária um problema que se arrasta há 5 anos e que teve o voto unânime da Assembleia Regional da Madeira. Assumem por isso particular gravidade as violações do Regimento levadas a cabo pelo PS e por deputados do PSD, cujas consequências procurámos corrigir com a apresentação do nosso requerimento. A sua rejeição è uma nova violência a somar-se às que, por razões misteriosas, foram já aqui praticadas.
215	P00105	P00444	214	Sem dúvida!
216	P00444	P00002		Foi esta a terceira vez que o assunto foi submetido à Assembleia e adiado, apesar da sua evidente relevância e urgência. Ora, isto è significativo de toda uma atitude! Do mesmo modo ficou claro o desinteresse da maioria pelos problemas do ambiente e do património natural. Não será por acaso que nunca foi agendado o projecto da lei-quadro do ambiente! O que assistimos aqui hoje è paradigmático. Desde as acrobacias do PS ao esoterismo do PSD, tudo serviu para, no concreto, negar o que se afirma como intenções!
217	P00010	P00444	216	Muito bem!
218	P00444	P00002		Também as ilhas Selvagens são paradigmáticas quanto ao desprezo que sempre sofreram. No conjunto das suas ilhotas nidifica - e, ao que se crê, em mais nenhum outro local do mundo - uma pequena ave marítima semelhante à gaivota conhecida por «cagarra». Estimam-se em 60 000 o número das aves que integram a colónia das ilhas Selvagens, mas elas estão sujeitas a serem dizimadas aos milhares, pois indivíduos provenientes das ilhas Canárias capturam todos os anos milhares de ovos. Recentemente foram colocados em permanência 2 homens de guarda e regularmente a corveta da Capitania do Porto do Funchal faz o patrulhamento e fiscalização das ilhas Selvagens. Contudo, isto è insuficiente e os meios a destacar para esta missão devem ser ponderados convenientemente se queremos desfrutar da beleza e do espectáculo descrito por Raul Brandão nas suas páginas de As Ilhas Desconhecidas. O decurso dos acontecimentos na sessão de hoje teve, porém, o mérito de deixar a claro as manobras dilatórias e de arrastamento da maioria para evitar o tratamento de assuntos de relevância para o País, privilegiando as suas iniciativas impopulares, como as da actualização das rendas de casa e as remunerações dos cargos públicos.
219	P00010	P00444	218	Muito bem!
220	P00001	P00030	212	Srs. Deputados, a Mesa desconhece se houve ou não consenso entre todas as bancadas para que se prolongue a primeira parte da ordem do dia, que engloba a discussão das propostas de lei n.ºs 92/III e 93/III. Não há qualquer objecção a que assim se proceda? Se não há objecções, vamos então prosseguir com a mesma ordem de trabalhos. Está em discussão a proposta de lei n.º 93/III - organização judiciária na Região Autónoma da Madeira. Para uma interpelação à Mesa, tem a palavra o Sr. Deputado Lopes Cardoso.
221	P00030	P00001	220	Sr. Presidente, se bem entendi, V. Ex.ª anunciou a passagem à discussão do pedido de urgência da proposta de lei referente à organização judiciária na Madeira. Foi isto, Sr. Presidente?
222	P00001	P00030	221	Sr. Deputado, anunciei o segundo ponto da primeira parte da ordem do dia, a proposta de lei n.º 93/III - organização judiciária na Região Autónoma da Madeira, que está subordinada ao princípio de apreciação do processo de urgência solicitado pela Assembleia Regional da Madeira.
223	P00030	P00001	222	Portanto, Sr. Presidente, vamos discutir e votar essa proposta de lei. Sendo assim, interpelava a mesa no sentido de saber se, porventura, deu entrada na Mesa algum requerimento, apresentado pela maioria, solicitando a sua baixa prévia à comissão competente para que se defina o processo de urgência nessa matéria, como aconteceu há pouco relativamente à proposta de lei n.º 92/III. E isto, Sr. Presidente, porque, se tal não existe, tenho razões para concluir que, de facto, o Regimento deixou de existir nesta Assembleia e vivemos num sistema de soluções ad hoc ditadas pela vontade da maioria, que ainda há menos de meia hora considerava que regimentalmente, na ausência de especificação por parte da Assembleia Regional da Madeira de qual o processo de urgência, se tornava imperioso a baixa à Comissão da proposta de lei para que esta definisse esse processo. Agora, nas mesmas circunstâncias, parece já não ser um imperativo determinado pelo Regimento que tal baixa tenha lugar! Isto è, de facto, estamos face a um Regimento que não è aquele che foi publicado e de que nos temos servido até agora, mas um Regimento feito pela maioria, ao sabor das suas conveniências. Esta è a primeira conclusão a tirar dessa ausência de requerimento. A segunda conclusão, è que não há dúvida nenhuma neste momento de que, por detrás das razões pretensamente processuais que justificaram o atropelo de tudo quanto o Regimento especifica na votação che teve lugar há pouco, havia outras razões, muito mais profundas, que a maioria não clarificou, tornando lícito que sobre elas se faça toda a espécie de processos de intenção.
224	P00001	P00008	208	Sr. Deputado, em relação à primeira pergunta, informo V. Ex.ª que não deu entrada na Mesa nenhum requerimento no sentido que referiu. Para uma interpelação à Mesa, tem a palavra, o Sr. Deputado Jorge Lemos.
225	P00008	P00001	224	Sr. Presidente, a minha interpelação carece de sentido por já estar esclarecido pelo anúncio que V. Ex.ª acabou de fazer.
226	P00001	P00085		Para uma interpelação à Mesa, tem a palavra, o Sr. Deputado Cardoso Ferreira.
227	P00085	P00001	226	Sr. Presidente, o facto de não ter dado entrada na Mesa um requerimento no sentido daquele que foi apresentado quanto à proposta de lei anterior deve-se, seguramente, a um lapso que assumimos como partido da maioria. É que, de facto, não pode haver - e julgo que o Sr. Deputado Lopes Cardoso terá tirado algumas conclusões precipitadas - diferença de tratamento. A questão não é a das matérias subjacentes à questão da urgência, mas sim, outra diferente, como o Sr. Deputado José Luís Nunes fundamentou há pouco. Portanto, parece-me que se o Sr. Presidente nos conceder 2 ou 3 minutos estaremos em condições de apresentar um requerimento que possibilite a baixa à comissão competente desta proposta de lei, nas mesmas circunstâncias que se verificaram há pouco. Julgo que aqui o Sr. Deputado Lopes Cardoso ter-se-á precipitado. Houve um lapso da nossa parte, mas não pode, de forma alguma, tirar conclusões - que não lhe assistem - pelo facto de não termos apresentado o requerimento.
228	P00001	P00138	192	Sr. Deputado Cardoso Ferreira, deduzo das palavras de V. Ex.ª que pretende formular um requerimento para que baixe à comissão competente a proposta de lei n.º 93/III, no que respeita à apreciação da urgência solicitada pelos órgãos regionais da Madeira. Para uma interpelação à Mesa, tem a palavra o Sr. Deputado José Magalhães.
229	P00138	P00001	228	"Sr. Presidente, é para me certificar de que da parte da minha bancada estamos a compreender exactamente tudo o que se está a passar aqui, porque fiquei com sérias dúvidas depois destas duas intervenções. Creio que o princípio de que «partido um braço se deve partir o outro» não é princípio em sítio nenhum e, portanto, também não o pode ser em matéria regimental. Aquilo que foi feito há bocado - contra uma deliberação da Mesa - foi aprovar um requerimento de baixa à Comissão, que em sítio nenhum do Regimento se autoriza, para impedir que um processo de urgência fosse accionado como a Constituição manda e o Regimento regulamenta. Foi isto que foi aprovado, depois de uma larga batalha regimental em que ficou demonstrado que havia razões secretas, que não foram reveladas no Plenário da Assembleia da República, não se explicando porque é que a questão das ilhas Selvagens não pode ser discutida pelo Plenário desta Assembleia, nem sequer em sede de urgência. Porém, não me tinha apercebido que além desse segredo de Estado terrível que paira algures sobre o Atlântico em relação às ilhas Selvagens, a organização judiciária da Região Autónoma da Madeira também constitui um engulho que porventura justifica, se apercebi bem tudo o que ouvi, que em vez de cumprirmos a Constituição e o Regimento, devamos agora, aqui, fazer a mesma entorse que ali foi feita, e mal! Porque neste caso, Sr. Presidente, devo dizer a V. Ex."" que teríamos que recomeçar tudo e, portanto, a entorse seria seguida do necessário recurso e este seria seguido por tudo aquilo que o Regimento prescreve, o que certamente não passaria em doce e em suave, tal è a violência institucional que isto significa! Portanto, Sr. Presidente, apelava no sentido de se clarificar rapidamente se aquilo que parecia ser um lapso - e que o Sr. Deputado Lopes Cardoso com algum humor detectou para depois tirar uma lição política, que é legítima - não será mesmo um lapso. Isto è, será que o Sr. Deputado Cardoso Ferreira não terá cometido um verdadeiro lapso, agora, ao tentar corrigir um lapso, que julgou ter cometido mas que, na verdade, não terá existido? Se isto não è assim, então, há aqui alguma coisa de muito misterioso e V. Ex.ª poderá ser precioso para esclarecer isto."
230	P00001	P00123	201	Para uma interpelação à Mesa, tem a palavra o Sr. Deputado José Luís Nunes.
231	P00123	P00001	230	Não, Sr. Presidente. Não vou interpelar a Mesa sobre esta matéria.
232	P00001	P00123	231	Então, pede a palavra para que efeito, Sr. Deputado?
233	P00123	P00001	232	Sr. Presidente, diz o Regimento que a interpelação à Mesa se resume a uma pergunta sobre a forma como estão a decorrer os debates.
234	P00001	P00123	233	Assim deveria ser sempre, Sr. Deputado!
235	P00123	P00001	234	Aquilo que ouvi foi um discurso do Sr. Deputado José Magalhães anunciando a apresentação de um requerimento.
236	P00001	P00123	235	Não, Sr. Deputado. V. Ex.ª certamente caiu nalgum equívoco por causa da conversa que teve com o Sr. Deputado Cardoso Ferreira. Quem fez o anúncio do requerimento foi o Sr. Deputado Cardoso Ferreira, que me pediu 2 ou 3 minutos para apresentar à Mesa um requerimento. O Sr. Deputado José Magalhães, em função desse pedido, fez uma alegação, que me pareceu apropriada.
237	P00123	P00001	236	Exacto, Sr. Presidente. O Sr. Deputado José Magalhães fez uma alegação, que não foi uma interpelação à Mesa. Foi uma alegação da fundamentação de uma declaração de voto ou qualquer outra coisa. Mas, Sr. Deputado José Magalhães terá, numa outra altura, oportunidade de discutir estes assuntos aqui na Assembleia da República. Porém, Sr. Presidente, aquilo que pretendo é, no exercício dos direitos regimentais que nos competem, solicitar a suspensão dos trabalhos por meia hora.
238	P00001	P00002		Porque é regimental, e concedido. Srs. Deputados, está suspensa a sessão. Eram 18 horas e 55 minutos.
239	P00001	P00002		Srs. Deputados, está reaberta a sessão. Eram 19 horas e 30 minutos.
240	P00001	P00123	237	Informo os Srs. Deputados que deu entrada na Mesa um requerimento do seguinte teor: Nos termos regimentais, os deputados abaixo assinados requerem a baixa à Comissão de Assuntos Constitucionais, Direitos, Liberdades e Garantias da proposta de lei n.º 93/III, apreciação do processo de urgência, a fim de a mesma Comissão poder apreciar qual o condicionalismo do processo de urgência que será adoptado. Fixa-se um prazo de 30 dias para a Comissão se pronunciar. A Mesa, nos termos e segundo a orientação que foi definida em relação a um requerimento semelhante que foi apresentado anteriormente, entendeu indeferir o presente requerimento, sujeitando-se, porém, como é regimental, ao correspondente recurso. Tem a palavra o Sr. Deputado José Luís Nunes.
241	P00123	P00001	240	Sr. Presidente, V. Ex.ª declarou que a Mesa optava pela não admissão do requerimento e invocou, em relação a esse facto, a jurisprudência anterior da Mesa. Simplesmente, permitia-me sublinhar em relação à decisão da Mesa o seguinte: já foi interposto recurso de uma decisão da Mesa e a Assembleia formou uma jurisprudência diferente. Ora, compete à Mesa a interpretação das lacunas do Regimento com recurso para o Plenário relativamente a essas interpretações e o Plenário já se manifestou nesta mesma sessão em relação a um caso semelhante a este que agora tratamos. Assim, poderia acontecer que a jurisprudência do Plenário prevalecesse sobre a jurisprudência da Mesa. Se fosse este o entendimento da Mesa, o assunto morreria por aqui; porém, se a Mesa mantém essa jurisprudência - e era este o fundamento da minha interpelação -, então, e nesse caso, interporíamos recurso da sua decisão.
242	P00001	P00123	241	Sr. Deputado, a Mesa, realmente, pronunciou-se neste sentido e, portanto, agradecia que V. Ex.ª interpusesse recurso; se é a sua intenção, tomá-la-emos como tal.
243	P00123	P00001	242	Na base de idêntico somatório de fundamentos e de razões - que se encontram transcritas no Diário da Assembleia da República, dispensando--me, portanto, de as mencionar neste momento - e em face de um caso semelhante, há pouco interpusemos recurso da decisão da Mesa, pelo que agora também o faremos.
244	P00001	P00008	225	Sr. Deputado, aceitamos a interposição do recurso. Tem a palavra o Sr. Deputado Jorge Lemos.
245	P00008	P00002		Sr. Presidente, pedia a palavra para intervir no debate do recurso interposto pelo Partido Socialista à decisão da Mesa. Sr. Presidente, Srs. Deputados: Aquilo a que temos estado a assistir durante esta tarde na Assembleia da República está a tocar as raias do absurdo! Chega-se a invocar que a Mesa deveria pautar as atitudes que toma não em virtude do Regimento mas sim em função de abusos anti-regimentais, os quais deveriam constituir a jurisprudência a seguir e não o Regimento em vigor na Assembleia da República! Creio, Sr. Presidente, que o que importa, para que não restem dúvidas sobre esta matéria, è que fique claro que a decisão da Mesa, ao não aceitar o requerimento do Partido Socialista, tem toda a legitimidade. De facto, Sr. Presidente, è um direito constitucional das assembleias regionais das regiões autónomas solicitarem que a Assembleia da República adopte processo de urgência para a apreciação de diplomas que a ela tenham submetido. Este preceito constitucional está acolhido no Regimento da Assembleia da República, que no capítulo VII, relativo ao processo de urgência, diz que agendada a questão da concessão de urgência, a Assembleia discute, numa primeira fase, se pretende ou não conceder urgência a essa iniciativa. E, uma vez tomada essa decisão, define as condições que o processo de urgência deve prosseguir, ou seja, a Assembleia da República pode determinar a adopção de todos os mecanismos previstos no artigo 245.º, dispensando o exame em
246	P00010	P00008	245	Muito bem!
247	P00001	P00002		Srs. Deputados, não havendo mais inscrições, vamos votar o recurso interposto, pela bancada do PS, da decisão da Mesa. Submetido à votação, foi aprovado, com votos a favor do PS e do PSD, com votos contra do PCP, do CDS, do MDP/CDE, da UEDS, dos Srs. Deputados Jardim Ramos, Pedro Paulo e Virgílio Pereira (PSD) e do Sr. Deputado Independente António Gonzalez e com abstenções dos Srs. Deputados Mota Torres e Avelino Marques (PS).
248	P00001	P00138	229	Para uma declaração de voto, tem a palavra o Sr. Deputado José Magalhães.
249	P00138	P00002		Sr. Presidente, Srs. Deputados: Opusemo-nos, pela forma própria, ao recurso - assim chamado - apresentado pelas bancadas do PS e do PSD porque nos parece que fazer duas violações do Regimento na mesma tarde é demais - mesmo que um violador consumado - e sobretudo numa matéria desta importância, o que é absolutamente inaceitável! Está absolutamente fora de questão que as regiões autónomas têm os poderes que têm e ninguém ousa negar aquilo que a Constituição nesta matéria claramente determina. Na primeira violação do Regimento aqui imposta contra a Mesa, contra o Regimento e sem nenhum argumento - que argumentos não há e as razões que ouvimos razões não o são, pois são débeis, tíbias e verdadeiramente uma forma ínvia de se defender o que não è defensável -, no primeiro recurso, foi invocado um mistério: haveria uma razão de Estado algures no Atlântico, quiçá nas ilhas Canárias, havia alguém que não poderia ser perturbado, incomodado, atacado ou tocado pela aprovação de uma urgência, Srs. Deputados, de uma simples urgência! Não se tratava de uma aprovação na generalidade - que como sabem nem sequer é uma aprovação final, tratava-se só de uma urgência! E isso que está algures no meio do Atlântico impediu que a Assembleia da República cumprisse o Regimento e levou a coligação governamental - e, em peripécias burlescas, o próprio PSD, que é o partido do Governo da Região - a fazer o que aqui fez, que é burlesco em larga medida e bastante indigno. Agora, em relação à organização judiciária, a região autónoma vem fazer um alerta para a sua situação, vem pedir mais tribunais o que poderemos discutir e aquilo que nos e perguntado é só se damos urgência ou não, nem sequer é se estamos de acordo com a proposta pois podemos discordar todos dela; respondem--nos também que a matéria não pode sequer ser objecto de urgência, que o Regimento deve ser espezinhado outra vez e o Sr. Deputado José Luís Nunes até faz a flor de aqui declarar que, violado o Regimento uma vez, ele pode ser violado uma segunda vez com legitimidade perfeita porque, arrombada a porta, por ela se entra livremente! Isso serão conceitos próprios para outro sítio que não a Assembleia da República e menos ainda para um Estado de direito democrático! Em matéria de comportamento parlamentar aquilo que hoje aqui acaba de suceder è uma violência institucional da maior gravidade, mas è também sinal do desarrimo e do desconchavamento em que se encontra a coligação governamental. Mas, Sr. Presidente e Srs. Deputados, a violação dos direitos das regiões autónomas que aqui hoje foi praticada, a violação qualificada do Regimento que aqui foi praticada, foi-o sem nenhuma desculpa, sem nenhum fundamento, sem nenhuma razão de Estado de necessidade, salvo se VV. Ex.as estão perturbados e em estado de necessidade por razões da crise de política geral em que estão mergulhados. Ora isto è grave por que anuncia também a intenção de espezinhamento qualificado e agravado do Regimento ou das leis de funcionamento da Assembleia da República, mesmo das péssimas leis que aí vêm. Porém, desta bancada devemos dizer-vos que há e continuam a haver meios para dar respostas democráticas e adequadas a espezinhamentos tão bossais como aqueles que acabam aqui de infligir.
250	P00001	P00442	141	Tem a palavra o Sr. Deputado Hasse Ferreira.
251	P00442	P00001	250	Sr. Presidente, Srs. Deputados: Em termos de declaração de voto e depois da argumentação e das intervenções que sobre este assunto fez o meu camará Lopes Cardoso, não haverá nada mais a dizer. Porém, sob a forma de interpelação à Mesa, quero solicitar, para nossa própria informação e para que conste das actas da Assembleia da República, que se siga a praxe, já há pouco reclamada pela Sr.ª Deputada Cecília Catarino, de identificar os Srs. Deputados que não votam de acordo com as respectivas bancadas. Isto para nós próprios termos efectivo conhecimento, pois, caso contrário, não existirá nenhum documento onde se teste a forma de votação desses Srs. Deputados que terão eventualmente responsabilidades políticas particulares.
252	P00001	P00445		Sr. Deputado, isso teria sido feito se porventura tivesse sido requerido por cada um dos interessados. Tem a palavra o Sr. Deputado António Gonzalez.
253	P00445	P00001	252	Sr. Presidente, desejo apenas anunciar à Mesa que vou apresentar uma
254	P00001	P00446		Para uma interpelação à Mesa, tem a palavra o Sr. Deputado Virgílio Pereira.
255	P00446	P00001	254	Sr. Presidente, perante a gravidade dos factos que estão a desenrolar-se esta tarde nesta Assembleia, peço, mais uma vez e na sequência do pedido feito há pouco pela minha colega, que seja expresso em acta que os deputados do PSD eleitos pelo círculo da Madeira votaram contra na votação há pouco realizada.
256	P00001	P00002		Ficou registado, Sr. Deputado. Srs. Deputados, como há pouco anunciei deu entrada na Mesa um requerimento, apresentado pelo PS e pelo PSD, que vai ser lido de novo. Foi lido. É o seguinte: Nos termos regimentais, os deputados abaixo assinados requerem a baixa à Comissão de Assuntos Constitucionais, Direitos, Liberdades e Garantias, da proposta de lei n.º 93/III, apreciação do processo de urgência, a fim da mesma Comissão poder apreciar qual o condicionalismo do processo de urgência que será adoptado. Fixa-se um prazo de 30 dias para a Comissão se pronunciar.
257	P00001	P00008	245	Para uma interpelação à Mesa, tem a palavra o Sr. Deputado Jorge Lemos.
258	P00008	P00001	257	Para depois não sermos acusados de estarmos a interromper uma votação já iniciada e uma vez que vai haver uma votação de um requerimento, que não tem discussão, solicitava a V. Ex.ª que fosse verificado o quórum.
259	P00012	P00001	257	Dá-me licença, Sr. Presidente?
260	P00001	P00012	259	Faça favor.
261	P00012	P00001	260	Sr. Presidente, solicitava que se aguardasse 2 minutos para se poderem chamar alguns Srs. Deputados. Pausa.
262	P00001	P00008	258	Tem a palavra o Sr. Deputado Jorge Lemos.
263	P00008	P00001	262	Sr. Presidente, foi requerida uma interrupção de 2 minutos para se poderem chamar alguns deputados e penso que os 2 minutos estão longamente excedidos. Assim, a minha bancada aguarda da Mesa alguma informação sobre o pedido que fizemos há pouco.
264	P00001	P00123	243	Tem a palavra o Sr. Deputado José Luís Nunes.
265	P00123	P00002		Nem toda a gente sabe tudo e acabo de ser informado que neste momento estão reunidas duas comissões eventuais de inquérito, uma sobre os actos do Sr. Secretário de Estado do Emprego e Formação Profissional e outra sobre a EPAC e eu mandei chamar alguns dos Srs. Deputados presentes nessas comissões eventuais.
266	P00001	P00002		Vamos ainda aguardar uns minutos. Pausa. Srs. Deputados, estamos quase chegados à hora regimental de dar por findos os trabalhos desta reunião...
267	P00294	P00001	266	Dá-me licença, Sr. Presidente?
268	P00001	P00294	267	Faça favor.
269	P00294	P00001	268	Sr. Presidente, o Sr. Deputado José Luís Nunes requereu a presença em Plenário de alguns deputados que estavam presentes nas comissões de inquérito; dado que esses deputados acabam de entrar na Sala, peço ao Sr. Presidente para avaliar se, com a sua entrada, já existe quórum.
270	P00001	P00002		Vamos verificar de novo o quórum. Srs. Deputados.
271	P00115	P00001	270	Dá-me licença, Sr. Presidente?
272	P00001	P00115	271	Faça favor.
273	P00115	P00001	272	Sr. Presidente, solicitava que após a verificação do quórum fosse referido quantos deputados estão presentes, por grupos e agrupamentos parlamentares. Pausa.
274	P00001	P00447		Srs. Deputados, dando satisfação ao que foi requerido pelo Sr. Deputado José Vitorino, informo que estão presentes 121 deputados, sendo 60 do PS, 42 do PSD, 6 do PCP, 8 do CDS, l do MDP/CDE, 3 da UEDS e o Sr. Deputado Independente António Gonzalez. O Sr. Secretário vai dar conta dos diplomas que hoje deram entrada na Mesa.
275	P00447	P00002		Deram entrada na Mesa os seguintes diplomas: um voto de saudação relativo ao Dia Internacional da Mulher, subscrito por deputados do PCP, do PS, do PSD e do CDS; uma proposta de resolução, apresentada pelo PS, no sentido de que a Assembleia da República recomende ao Governo que accione os mecanismos conducentes à aprovação, ratificação e implementação da Convenção para a Supressão do Tráfego de Pessoas e Exploração de Prostituição de Outrem e à Convenção Internacional para a Supressão da Circulação e de Tráfico de Publicações Obscenas; a proposta de resolução n.º 21/III, que aprova para ratificação o acordo técnico para a
276	P00001	P00002		Srs. Deputados, a reunião de amanhã terá início às 10 horas com a seguinte ordem de trabalhos: haverá período de antes da ordem do dia, alargado, com vinte minutos para cada partido e período da ordem do dia, de que conste a matéria que hoje não acabou de ser discutida e ainda, o projecto de lei n.º 85/III, do CDS, sobre o património cultural português (votação final global). Está encerrada a sessão.
