wave,legislature,segment,pshift,frequency,probability,p_s_given_d,p_s_given_d_c,source_file,change_of_speaker,directed_remark
wave_1,1,1,A0-XA,13,0.16,0.19,0.19,wave_1_legislature_1_segment_1_stats.json,True,False
wave_1,1,1,A0-X0,56,0.68,0.81,0.81,wave_1_legislature_1_segment_1_stats.json,True,False
wave_1,1,1,A0-XY,0,0.0,0.0,0.0,wave_1_legislature_1_segment_1_stats.json,True,False
wave_1,1,1,A0-AY,0,0.0,0.0,0.0,wave_1_legislature_1_segment_1_stats.json,False,False
wave_1,1,1,AB-BA,0,0.0,0.0,0.0,wave_1_legislature_1_segment_1_stats.json,True,True
wave_1,1,1,AB-B0,12,0.15,0.92,0.92,wave_1_legislature_1_segment_1_stats.json,True,True
wave_1,1,1,AB-X0,1,0.01,0.08,0.08,wave_1_legislature_1_segment_1_stats.json,True,True
wave_1,1,1,AB-XA,0,0.0,0.0,0.0,wave_1_legislature_1_segment_1_stats.json,True,True
wave_1,1,1,AB-XB,0,0.0,0.0,0.0,wave_1_legislature_1_segment_1_stats.json,True,True
wave_1,1,1,AB-A0,0,0.0,0.0,0.0,wave_1_legislature_1_segment_1_stats.json,False,True
wave_1,1,1,AB-BY,0,0.0,0.0,0.0,wave_1_legislature_1_segment_1_stats.json,True,True
wave_1,1,1,AB-XY,0,0.0,0.0,0.0,wave_1_legislature_1_segment_1_stats.json,True,True
wave_1,1,1,AB-AY,0,0.0,0.0,0.0,wave_1_legislature_1_segment_1_stats.json,False,True
wave_1,1,2,A0-XA,19,0.23,0.3,0.3,wave_1_legislature_1_segment_2_stats.json,True,False
wave_1,1,2,A0-X0,45,0.54,0.7,0.7,wave_1_legislature_1_segment_2_stats.json,True,False
wave_1,1,2,A0-XY,0,0.0,0.0,0.0,wave_1_legislature_1_segment_2_stats.json,True,False
wave_1,1,2,A0-AY,0,0.0,0.0,0.0,wave_1_legislature_1_segment_2_stats.json,False,False
wave_1,1,2,AB-BA,0,0.0,0.0,0.0,wave_1_legislature_1_segment_2_stats.json,True,True
wave_1,1,2,AB-B0,14,0.17,0.74,0.88,wave_1_legislature_1_segment_2_stats.json,True,True
wave_1,1,2,AB-X0,2,0.02,0.11,0.12,wave_1_legislature_1_segment_2_stats.json,True,True
wave_1,1,2,AB-XA,0,0.0,0.0,0.0,wave_1_legislature_1_segment_2_stats.json,True,True
wave_1,1,2,AB-XB,0,0.0,0.0,0.0,wave_1_legislature_1_segment_2_stats.json,True,True
wave_1,1,2,AB-A0,3,0.04,0.16,0.0,wave_1_legislature_1_segment_2_stats.json,False,True
wave_1,1,2,AB-BY,0,0.0,0.0,0.0,wave_1_legislature_1_segment_2_stats.json,True,True
wave_1,1,2,AB-XY,0,0.0,0.0,0.0,wave_1_legislature_1_segment_2_stats.json,True,True
wave_1,1,2,AB-AY,0,0.0,0.0,0.0,wave_1_legislature_1_segment_2_stats.json,False,True
wave_1,1,3,A0-XA,14,0.17,0.2,0.2,wave_1_legislature_1_segment_3_stats.json,True,False
wave_1,1,3,A0-X0,56,0.67,0.8,0.8,wave_1_legislature_1_segment_3_stats.json,True,False
wave_1,1,3,A0-XY,0,0.0,0.0,0.0,wave_1_legislature_1_segment_3_stats.json,True,False
wave_1,1,3,A0-AY,0,0.0,0.0,0.0,wave_1_legislature_1_segment_3_stats.json,False,False
wave_1,1,3,AB-BA,0,0.0,0.0,0.0,wave_1_legislature_1_segment_3_stats.json,True,True
wave_1,1,3,AB-B0,11,0.13,0.79,0.85,wave_1_legislature_1_segment_3_stats.json,True,True
wave_1,1,3,AB-X0,2,0.02,0.14,0.15,wave_1_legislature_1_segment_3_stats.json,True,True
wave_1,1,3,AB-XA,0,0.0,0.0,0.0,wave_1_legislature_1_segment_3_stats.json,True,True
wave_1,1,3,AB-XB,0,0.0,0.0,0.0,wave_1_legislature_1_segment_3_stats.json,True,True
wave_1,1,3,AB-A0,1,0.01,0.07,0.0,wave_1_legislature_1_segment_3_stats.json,False,True
wave_1,1,3,AB-BY,0,0.0,0.0,0.0,wave_1_legislature_1_segment_3_stats.json,True,True
wave_1,1,3,AB-XY,0,0.0,0.0,0.0,wave_1_legislature_1_segment_3_stats.json,True,True
wave_1,1,3,AB-AY,0,0.0,0.0,0.0,wave_1_legislature_1_segment_3_stats.json,False,True
wave_1,2,1,A0-XA,12,0.15,0.18,0.18,wave_1_legislature_2_segment_1_stats.json,True,False
wave_1,2,1,A0-X0,54,0.68,0.82,0.82,wave_1_legislature_2_segment_1_stats.json,True,False
wave_1,2,1,A0-XY,0,0.0,0.0,0.0,wave_1_legislature_2_segment_1_stats.json,True,False
wave_1,2,1,A0-AY,0,0.0,0.0,0.0,wave_1_legislature_2_segment_1_stats.json,False,False
wave_1,2,1,AB-BA,0,0.0,0.0,0.0,wave_1_legislature_2_segment_1_stats.json,True,True
wave_1,2,1,AB-B0,6,0.08,0.43,0.5,wave_1_legislature_2_segment_1_stats.json,True,True
wave_1,2,1,AB-X0,5,0.06,0.36,0.42,wave_1_legislature_2_segment_1_stats.json,True,True
wave_1,2,1,AB-XA,1,0.01,0.07,0.08,wave_1_legislature_2_segment_1_stats.json,True,True
wave_1,2,1,AB-XB,0,0.0,0.0,0.0,wave_1_legislature_2_segment_1_stats.json,True,True
wave_1,2,1,AB-A0,2,0.02,0.14,0.0,wave_1_legislature_2_segment_1_stats.json,False,True
wave_1,2,1,AB-BY,0,0.0,0.0,0.0,wave_1_legislature_2_segment_1_stats.json,True,True
wave_1,2,1,AB-XY,0,0.0,0.0,0.0,wave_1_legislature_2_segment_1_stats.json,True,True
wave_1,2,1,AB-AY,0,0.0,0.0,0.0,wave_1_legislature_2_segment_1_stats.json,False,True
wave_1,2,2,A0-XA,16,0.2,0.24,0.24,wave_1_legislature_2_segment_2_stats.json,True,False
wave_1,2,2,A0-X0,52,0.63,0.76,0.76,wave_1_legislature_2_segment_2_stats.json,True,False
wave_1,2,2,A0-XY,0,0.0,0.0,0.0,wave_1_legislature_2_segment_2_stats.json,True,False
wave_1,2,2,A0-AY,0,0.0,0.0,0.0,wave_1_legislature_2_segment_2_stats.json,False,False
wave_1,2,2,AB-BA,0,0.0,0.0,0.0,wave_1_legislature_2_segment_2_stats.json,True,True
wave_1,2,2,AB-B0,11,0.13,0.79,0.79,wave_1_legislature_2_segment_2_stats.json,True,True
wave_1,2,2,AB-X0,3,0.04,0.21,0.21,wave_1_legislature_2_segment_2_stats.json,True,True
wave_1,2,2,AB-XA,0,0.0,0.0,0.0,wave_1_legislature_2_segment_2_stats.json,True,True
wave_1,2,2,AB-XB,0,0.0,0.0,0.0,wave_1_legislature_2_segment_2_stats.json,True,True
wave_1,2,2,AB-A0,0,0.0,0.0,0.0,wave_1_legislature_2_segment_2_stats.json,False,True
wave_1,2,2,AB-BY,0,0.0,0.0,0.0,wave_1_legislature_2_segment_2_stats.json,True,True
wave_1,2,2,AB-XY,0,0.0,0.0,0.0,wave_1_legislature_2_segment_2_stats.json,True,True
wave_1,2,2,AB-AY,0,0.0,0.0,0.0,wave_1_legislature_2_segment_2_stats.json,False,True
wave_1,2,3,A0-XA,10,0.12,0.14,0.14,wave_1_legislature_2_segment_3_stats.json,True,False
wave_1,2,3,A0-X0,62,0.75,0.86,0.86,wave_1_legislature_2_segment_3_stats.json,True,False
wave_1,2,3,A0-XY,0,0.0,0.0,0.0,wave_1_legislature_2_segment_3_stats.json,True,False
wave_1,2,3,A0-AY,0,0.0,0.0,0.0,wave_1_legislature_2_segment_3_stats.json,False,False
wave_1,2,3,AB-BA,0,0.0,0.0,0.0,wave_1_legislature_2_segment_3_stats.json,True,True
wave_1,2,3,AB-B0,6,0.07,0.55,0.67,wave_1_legislature_2_segment_3_stats.json,True,True
wave_1,2,3,AB-X0,3,0.04,0.27,0.33,wave_1_legislature_2_segment_3_stats.json,True,True
wave_1,2,3,AB-XA,0,0.0,0.0,0.0,wave_1_legislature_2_segment_3_stats.json,True,True
wave_1,2,3,AB-XB,0,0.0,0.0,0.0,wave_1_legislature_2_segment_3_stats.json,True,True
wave_1,2,3,AB-A0,2,0.02,0.18,0.0,wave_1_legislature_2_segment_3_stats.json,False,True
wave_1,2,3,AB-BY,0,0.0,0.0,0.0,wave_1_legislature_2_segment_3_stats.json,True,True
wave_1,2,3,AB-XY,0,0.0,0.0,0.0,wave_1_legislature_2_segment_3_stats.json,True,True
wave_1,2,3,AB-AY,0,0.0,0.0,0.0,wave_1_legislature_2_segment_3_stats.json,False,True
wave_1,3,1,A0-XA,2,0.02,0.03,0.03,wave_1_legislature_3_segment_1_stats.json,True,False
wave_1,3,1,A0-X0,78,0.95,0.97,0.97,wave_1_legislature_3_segment_1_stats.json,True,False
wave_1,3,1,A0-XY,0,0.0,0.0,0.0,wave_1_legislature_3_segment_1_stats.json,True,False
wave_1,3,1,A0-AY,0,0.0,0.0,0.0,wave_1_legislature_3_segment_1_stats.json,False,False
wave_1,3,1,AB-BA,0,0.0,0.0,0.0,wave_1_legislature_3_segment_1_stats.json,True,True
wave_1,3,1,AB-B0,2,0.02,1.0,1.0,wave_1_legislature_3_segment_1_stats.json,True,True
wave_1,3,1,AB-X0,0,0.0,0.0,0.0,wave_1_legislature_3_segment_1_stats.json,True,True
wave_1,3,1,AB-XA,0,0.0,0.0,0.0,wave_1_legislature_3_segment_1_stats.json,True,True
wave_1,3,1,AB-XB,0,0.0,0.0,0.0,wave_1_legislature_3_segment_1_stats.json,True,True
wave_1,3,1,AB-A0,0,0.0,0.0,0.0,wave_1_legislature_3_segment_1_stats.json,False,True
wave_1,3,1,AB-BY,0,0.0,0.0,0.0,wave_1_legislature_3_segment_1_stats.json,True,True
wave_1,3,1,AB-XY,0,0.0,0.0,0.0,wave_1_legislature_3_segment_1_stats.json,True,True
wave_1,3,1,AB-AY,0,0.0,0.0,0.0,wave_1_legislature_3_segment_1_stats.json,False,True
wave_1,3,2,A0-XA,3,0.04,0.04,0.04,wave_1_legislature_3_segment_2_stats.json,True,False
wave_1,3,2,A0-X0,78,0.93,0.96,0.96,wave_1_legislature_3_segment_2_stats.json,True,False
wave_1,3,2,A0-XY,0,0.0,0.0,0.0,wave_1_legislature_3_segment_2_stats.json,True,False
wave_1,3,2,A0-AY,0,0.0,0.0,0.0,wave_1_legislature_3_segment_2_stats.json,False,False
wave_1,3,2,AB-BA,0,0.0,0.0,0.0,wave_1_legislature_3_segment_2_stats.json,True,True
wave_1,3,2,AB-B0,1,0.01,0.33,0.33,wave_1_legislature_3_segment_2_stats.json,True,True
wave_1,3,2,AB-X0,2,0.02,0.67,0.67,wave_1_legislature_3_segment_2_stats.json,True,True
wave_1,3,2,AB-XA,0,0.0,0.0,0.0,wave_1_legislature_3_segment_2_stats.json,True,True
wave_1,3,2,AB-XB,0,0.0,0.0,0.0,wave_1_legislature_3_segment_2_stats.json,True,True
wave_1,3,2,AB-A0,0,0.0,0.0,0.0,wave_1_legislature_3_segment_2_stats.json,False,True
wave_1,3,2,AB-BY,0,0.0,0.0,0.0,wave_1_legislature_3_segment_2_stats.json,True,True
wave_1,3,2,AB-XY,0,0.0,0.0,0.0,wave_1_legislature_3_segment_2_stats.json,True,True
wave_1,3,2,AB-AY,0,0.0,0.0,0.0,wave_1_legislature_3_segment_2_stats.json,False,True
wave_1,3,3,A0-XA,6,0.07,0.08,0.08,wave_1_legislature_3_segment_3_stats.json,True,False
wave_1,3,3,A0-X0,72,0.86,0.92,0.92,wave_1_legislature_3_segment_3_stats.json,True,False
wave_1,3,3,A0-XY,0,0.0,0.0,0.0,wave_1_legislature_3_segment_3_stats.json,True,False
wave_1,3,3,A0-AY,0,0.0,0.0,0.0,wave_1_legislature_3_segment_3_stats.json,False,False
wave_1,3,3,AB-BA,0,0.0,0.0,0.0,wave_1_legislature_3_segment_3_stats.json,True,True
wave_1,3,3,AB-B0,2,0.02,0.33,0.33,wave_1_legislature_3_segment_3_stats.json,True,True
wave_1,3,3,AB-X0,4,0.05,0.67,0.67,wave_1_legislature_3_segment_3_stats.json,True,True
wave_1,3,3,AB-XA,0,0.0,0.0,0.0,wave_1_legislature_3_segment_3_stats.json,True,True
wave_1,3,3,AB-XB,0,0.0,0.0,0.0,wave_1_legislature_3_segment_3_stats.json,True,True
wave_1,3,3,AB-A0,0,0.0,0.0,0.0,wave_1_legislature_3_segment_3_stats.json,False,True
wave_1,3,3,AB-BY,0,0.0,0.0,0.0,wave_1_legislature_3_segment_3_stats.json,True,True
wave_1,3,3,AB-XY,0,0.0,0.0,0.0,wave_1_legislature_3_segment_3_stats.json,True,True
wave_1,3,3,AB-AY,0,0.0,0.0,0.0,wave_1_legislature_3_segment_3_stats.json,False,True
wave_1,4,1,A0-XA,18,0.3,0.41,0.41,wave_1_legislature_4_segment_1_stats.json,True,False
wave_1,4,1,A0-X0,26,0.43,0.59,0.59,wave_1_legislature_4_segment_1_stats.json,True,False
wave_1,4,1,A0-XY,0,0.0,0.0,0.0,wave_1_legislature_4_segment_1_stats.json,True,False
wave_1,4,1,A0-AY,0,0.0,0.0,0.0,wave_1_legislature_4_segment_1_stats.json,False,False
wave_1,4,1,AB-BA,0,0.0,0.0,0.0,wave_1_legislature_4_segment_1_stats.json,True,True
wave_1,4,1,AB-B0,16,0.26,0.94,0.94,wave_1_legislature_4_segment_1_stats.json,True,True
wave_1,4,1,AB-X0,1,0.02,0.06,0.06,wave_1_legislature_4_segment_1_stats.json,True,True
wave_1,4,1,AB-XA,0,0.0,0.0,0.0,wave_1_legislature_4_segment_1_stats.json,True,True
wave_1,4,1,AB-XB,0,0.0,0.0,0.0,wave_1_legislature_4_segment_1_stats.json,True,True
wave_1,4,1,AB-A0,0,0.0,0.0,0.0,wave_1_legislature_4_segment_1_stats.json,False,True
wave_1,4,1,AB-BY,0,0.0,0.0,0.0,wave_1_legislature_4_segment_1_stats.json,True,True
wave_1,4,1,AB-XY,0,0.0,0.0,0.0,wave_1_legislature_4_segment_1_stats.json,True,True
wave_1,4,1,AB-AY,0,0.0,0.0,0.0,wave_1_legislature_4_segment_1_stats.json,False,True
wave_1,4,2,A0-XA,11,0.18,0.22,0.22,wave_1_legislature_4_segment_2_stats.json,True,False
wave_1,4,2,A0-X0,38,0.61,0.78,0.78,wave_1_legislature_4_segment_2_stats.json,True,False
wave_1,4,2,A0-XY,0,0.0,0.0,0.0,wave_1_legislature_4_segment_2_stats.json,True,False
wave_1,4,2,A0-AY,0,0.0,0.0,0.0,wave_1_legislature_4_segment_2_stats.json,False,False
wave_1,4,2,AB-BA,0,0.0,0.0,0.0,wave_1_legislature_4_segment_2_stats.json,True,True
wave_1,4,2,AB-B0,7,0.11,0.54,0.54,wave_1_legislature_4_segment_2_stats.json,True,True
wave_1,4,2,AB-X0,5,0.08,0.38,0.38,wave_1_legislature_4_segment_2_stats.json,True,True
wave_1,4,2,AB-XA,1,0.02,0.08,0.08,wave_1_legislature_4_segment_2_stats.json,True,True
wave_1,4,2,AB-XB,0,0.0,0.0,0.0,wave_1_legislature_4_segment_2_stats.json,True,True
wave_1,4,2,AB-A0,0,0.0,0.0,0.0,wave_1_legislature_4_segment_2_stats.json,False,True
wave_1,4,2,AB-BY,0,0.0,0.0,0.0,wave_1_legislature_4_segment_2_stats.json,True,True
wave_1,4,2,AB-XY,0,0.0,0.0,0.0,wave_1_legislature_4_segment_2_stats.json,True,True
wave_1,4,2,AB-AY,0,0.0,0.0,0.0,wave_1_legislature_4_segment_2_stats.json,False,True
wave_1,4,3,A0-XA,14,0.23,0.29,0.29,wave_1_legislature_4_segment_3_stats.json,True,False
wave_1,4,3,A0-X0,34,0.55,0.71,0.71,wave_1_legislature_4_segment_3_stats.json,True,False
wave_1,4,3,A0-XY,0,0.0,0.0,0.0,wave_1_legislature_4_segment_3_stats.json,True,False
wave_1,4,3,A0-AY,0,0.0,0.0,0.0,wave_1_legislature_4_segment_3_stats.json,False,False
wave_1,4,3,AB-BA,0,0.0,0.0,0.0,wave_1_legislature_4_segment_3_stats.json,True,True
wave_1,4,3,AB-B0,10,0.16,0.71,0.77,wave_1_legislature_4_segment_3_stats.json,True,True
wave_1,4,3,AB-X0,3,0.05,0.21,0.23,wave_1_legislature_4_segment_3_stats.json,True,True
wave_1,4,3,AB-XA,0,0.0,0.0,0.0,wave_1_legislature_4_segment_3_stats.json,True,True
wave_1,4,3,AB-XB,0,0.0,0.0,0.0,wave_1_legislature_4_segment_3_stats.json,True,True
wave_1,4,3,AB-A0,1,0.02,0.07,0.0,wave_1_legislature_4_segment_3_stats.json,False,True
wave_1,4,3,AB-BY,0,0.0,0.0,0.0,wave_1_legislature_4_segment_3_stats.json,True,True
wave_1,4,3,AB-XY,0,0.0,0.0,0.0,wave_1_legislature_4_segment_3_stats.json,True,True
wave_1,4,3,AB-AY,0,0.0,0.0,0.0,wave_1_legislature_4_segment_3_stats.json,False,True
wave_1,5,1,A0-XA,5,0.07,0.07,0.07,wave_1_legislature_5_segment_1_stats.json,True,False
wave_1,5,1,A0-X0,66,0.87,0.93,0.93,wave_1_legislature_5_segment_1_stats.json,True,False
wave_1,5,1,A0-XY,0,0.0,0.0,0.0,wave_1_legislature_5_segment_1_stats.json,True,False
wave_1,5,1,A0-AY,0,0.0,0.0,0.0,wave_1_legislature_5_segment_1_stats.json,False,False
wave_1,5,1,AB-BA,0,0.0,0.0,0.0,wave_1_legislature_5_segment_1_stats.json,True,True
wave_1,5,1,AB-B0,1,0.01,0.2,0.2,wave_1_legislature_5_segment_1_stats.json,True,True
wave_1,5,1,AB-X0,4,0.05,0.8,0.8,wave_1_legislature_5_segment_1_stats.json,True,True
wave_1,5,1,AB-XA,0,0.0,0.0,0.0,wave_1_legislature_5_segment_1_stats.json,True,True
wave_1,5,1,AB-XB,0,0.0,0.0,0.0,wave_1_legislature_5_segment_1_stats.json,True,True
wave_1,5,1,AB-A0,0,0.0,0.0,0.0,wave_1_legislature_5_segment_1_stats.json,False,True
wave_1,5,1,AB-BY,0,0.0,0.0,0.0,wave_1_legislature_5_segment_1_stats.json,True,True
wave_1,5,1,AB-XY,0,0.0,0.0,0.0,wave_1_legislature_5_segment_1_stats.json,True,True
wave_1,5,1,AB-AY,0,0.0,0.0,0.0,wave_1_legislature_5_segment_1_stats.json,False,True
wave_1,5,2,A0-XA,5,0.06,0.07,0.07,wave_1_legislature_5_segment_2_stats.json,True,False
wave_1,5,2,A0-X0,67,0.87,0.93,0.93,wave_1_legislature_5_segment_2_stats.json,True,False
wave_1,5,2,A0-XY,0,0.0,0.0,0.0,wave_1_legislature_5_segment_2_stats.json,True,False
wave_1,5,2,A0-AY,0,0.0,0.0,0.0,wave_1_legislature_5_segment_2_stats.json,False,False
wave_1,5,2,AB-BA,0,0.0,0.0,0.0,wave_1_legislature_5_segment_2_stats.json,True,True
wave_1,5,2,AB-B0,1,0.01,0.2,0.2,wave_1_legislature_5_segment_2_stats.json,True,True
wave_1,5,2,AB-X0,4,0.05,0.8,0.8,wave_1_legislature_5_segment_2_stats.json,True,True
wave_1,5,2,AB-XA,0,0.0,0.0,0.0,wave_1_legislature_5_segment_2_stats.json,True,True
wave_1,5,2,AB-XB,0,0.0,0.0,0.0,wave_1_legislature_5_segment_2_stats.json,True,True
wave_1,5,2,AB-A0,0,0.0,0.0,0.0,wave_1_legislature_5_segment_2_stats.json,False,True
wave_1,5,2,AB-BY,0,0.0,0.0,0.0,wave_1_legislature_5_segment_2_stats.json,True,True
wave_1,5,2,AB-XY,0,0.0,0.0,0.0,wave_1_legislature_5_segment_2_stats.json,True,True
wave_1,5,2,AB-AY,0,0.0,0.0,0.0,wave_1_legislature_5_segment_2_stats.json,False,True
wave_1,5,3,A0-XA,6,0.08,0.08,0.08,wave_1_legislature_5_segment_3_stats.json,True,False
wave_1,5,3,A0-X0,66,0.85,0.92,0.92,wave_1_legislature_5_segment_3_stats.json,True,False
wave_1,5,3,A0-XY,0,0.0,0.0,0.0,wave_1_legislature_5_segment_3_stats.json,True,False
wave_1,5,3,A0-AY,0,0.0,0.0,0.0,wave_1_legislature_5_segment_3_stats.json,False,False
wave_1,5,3,AB-BA,0,0.0,0.0,0.0,wave_1_legislature_5_segment_3_stats.json,True,True
wave_1,5,3,AB-B0,3,0.04,0.5,0.5,wave_1_legislature_5_segment_3_stats.json,True,True
wave_1,5,3,AB-X0,3,0.04,0.5,0.5,wave_1_legislature_5_segment_3_stats.json,True,True
wave_1,5,3,AB-XA,0,0.0,0.0,0.0,wave_1_legislature_5_segment_3_stats.json,True,True
wave_1,5,3,AB-XB,0,0.0,0.0,0.0,wave_1_legislature_5_segment_3_stats.json,True,True
wave_1,5,3,AB-A0,0,0.0,0.0,0.0,wave_1_legislature_5_segment_3_stats.json,False,True
wave_1,5,3,AB-BY,0,0.0,0.0,0.0,wave_1_legislature_5_segment_3_stats.json,True,True
wave_1,5,3,AB-XY,0,0.0,0.0,0.0,wave_1_legislature_5_segment_3_stats.json,True,True
wave_1,5,3,AB-AY,0,0.0,0.0,0.0,wave_1_legislature_5_segment_3_stats.json,False,True
wave_1,6,1,A0-XA,11,0.16,0.19,0.19,wave_1_legislature_6_segment_1_stats.json,True,False
wave_1,6,1,A0-X0,48,0.69,0.81,0.81,wave_1_legislature_6_segment_1_stats.json,True,False
wave_1,6,1,A0-XY,0,0.0,0.0,0.0,wave_1_legislature_6_segment_1_stats.json,True,False
wave_1,6,1,A0-AY,0,0.0,0.0,0.0,wave_1_legislature_6_segment_1_stats.json,False,False
wave_1,6,1,AB-BA,0,0.0,0.0,0.0,wave_1_legislature_6_segment_1_stats.json,True,True
wave_1,6,1,AB-B0,9,0.13,0.82,0.82,wave_1_legislature_6_segment_1_stats.json,True,True
wave_1,6,1,AB-X0,2,0.03,0.18,0.18,wave_1_legislature_6_segment_1_stats.json,True,True
wave_1,6,1,AB-XA,0,0.0,0.0,0.0,wave_1_legislature_6_segment_1_stats.json,True,True
wave_1,6,1,AB-XB,0,0.0,0.0,0.0,wave_1_legislature_6_segment_1_stats.json,True,True
wave_1,6,1,AB-A0,0,0.0,0.0,0.0,wave_1_legislature_6_segment_1_stats.json,False,True
wave_1,6,1,AB-BY,0,0.0,0.0,0.0,wave_1_legislature_6_segment_1_stats.json,True,True
wave_1,6,1,AB-XY,0,0.0,0.0,0.0,wave_1_legislature_6_segment_1_stats.json,True,True
wave_1,6,1,AB-AY,0,0.0,0.0,0.0,wave_1_legislature_6_segment_1_stats.json,False,True
wave_1,6,2,A0-XA,9,0.13,0.15,0.15,wave_1_legislature_6_segment_2_stats.json,True,False
wave_1,6,2,A0-X0,52,0.73,0.85,0.85,wave_1_legislature_6_segment_2_stats.json,True,False
wave_1,6,2,A0-XY,0,0.0,0.0,0.0,wave_1_legislature_6_segment_2_stats.json,True,False
wave_1,6,2,A0-AY,0,0.0,0.0,0.0,wave_1_legislature_6_segment_2_stats.json,False,False
wave_1,6,2,AB-BA,0,0.0,0.0,0.0,wave_1_legislature_6_segment_2_stats.json,True,True
wave_1,6,2,AB-B0,7,0.1,0.7,0.7,wave_1_legislature_6_segment_2_stats.json,True,True
wave_1,6,2,AB-X0,2,0.03,0.2,0.2,wave_1_legislature_6_segment_2_stats.json,True,True
wave_1,6,2,AB-XA,1,0.01,0.1,0.1,wave_1_legislature_6_segment_2_stats.json,True,True
wave_1,6,2,AB-XB,0,0.0,0.0,0.0,wave_1_legislature_6_segment_2_stats.json,True,True
wave_1,6,2,AB-A0,0,0.0,0.0,0.0,wave_1_legislature_6_segment_2_stats.json,False,True
wave_1,6,2,AB-BY,0,0.0,0.0,0.0,wave_1_legislature_6_segment_2_stats.json,True,True
wave_1,6,2,AB-XY,0,0.0,0.0,0.0,wave_1_legislature_6_segment_2_stats.json,True,True
wave_1,6,2,AB-AY,0,0.0,0.0,0.0,wave_1_legislature_6_segment_2_stats.json,False,True
wave_1,6,3,A0-XA,13,0.18,0.22,0.22,wave_1_legislature_6_segment_3_stats.json,True,False
wave_1,6,3,A0-X0,45,0.63,0.78,0.78,wave_1_legislature_6_segment_3_stats.json,True,False
wave_1,6,3,A0-XY,0,0.0,0.0,0.0,wave_1_legislature_6_segment_3_stats.json,True,False
wave_1,6,3,A0-AY,0,0.0,0.0,0.0,wave_1_legislature_6_segment_3_stats.json,False,False
wave_1,6,3,AB-BA,0,0.0,0.0,0.0,wave_1_legislature_6_segment_3_stats.json,True,True
wave_1,6,3,AB-B0,8,0.11,0.62,0.62,wave_1_legislature_6_segment_3_stats.json,True,True
wave_1,6,3,AB-X0,5,0.07,0.38,0.38,wave_1_legislature_6_segment_3_stats.json,True,True
wave_1,6,3,AB-XA,0,0.0,0.0,0.0,wave_1_legislature_6_segment_3_stats.json,True,True
wave_1,6,3,AB-XB,0,0.0,0.0,0.0,wave_1_legislature_6_segment_3_stats.json,True,True
wave_1,6,3,AB-A0,0,0.0,0.0,0.0,wave_1_legislature_6_segment_3_stats.json,False,True
wave_1,6,3,AB-BY,0,0.0,0.0,0.0,wave_1_legislature_6_segment_3_stats.json,True,True
wave_1,6,3,AB-XY,0,0.0,0.0,0.0,wave_1_legislature_6_segment_3_stats.json,True,True
wave_1,6,3,AB-AY,0,0.0,0.0,0.0,wave_1_legislature_6_segment_3_stats.json,False,True
wave_1,7,1,A0-XA,22,0.25,0.33,0.33,wave_1_legislature_7_segment_1_stats.json,True,False
wave_1,7,1,A0-X0,44,0.5,0.67,0.67,wave_1_legislature_7_segment_1_stats.json,True,False
wave_1,7,1,A0-XY,0,0.0,0.0,0.0,wave_1_legislature_7_segment_1_stats.json,True,False
wave_1,7,1,A0-AY,0,0.0,0.0,0.0,wave_1_legislature_7_segment_1_stats.json,False,False
wave_1,7,1,AB-BA,0,0.0,0.0,0.0,wave_1_legislature_7_segment_1_stats.json,True,True
wave_1,7,1,AB-B0,17,0.19,0.77,0.81,wave_1_legislature_7_segment_1_stats.json,True,True
wave_1,7,1,AB-X0,4,0.05,0.18,0.19,wave_1_legislature_7_segment_1_stats.json,True,True
wave_1,7,1,AB-XA,0,0.0,0.0,0.0,wave_1_legislature_7_segment_1_stats.json,True,True
wave_1,7,1,AB-XB,0,0.0,0.0,0.0,wave_1_legislature_7_segment_1_stats.json,True,True
wave_1,7,1,AB-A0,1,0.01,0.05,0.0,wave_1_legislature_7_segment_1_stats.json,False,True
wave_1,7,1,AB-BY,0,0.0,0.0,0.0,wave_1_legislature_7_segment_1_stats.json,True,True
wave_1,7,1,AB-XY,0,0.0,0.0,0.0,wave_1_legislature_7_segment_1_stats.json,True,True
wave_1,7,1,AB-AY,0,0.0,0.0,0.0,wave_1_legislature_7_segment_1_stats.json,False,True
wave_1,7,2,A0-XA,12,0.13,0.15,0.15,wave_1_legislature_7_segment_2_stats.json,True,False
wave_1,7,2,A0-X0,66,0.73,0.85,0.85,wave_1_legislature_7_segment_2_stats.json,True,False
wave_1,7,2,A0-XY,0,0.0,0.0,0.0,wave_1_legislature_7_segment_2_stats.json,True,False
wave_1,7,2,A0-AY,0,0.0,0.0,0.0,wave_1_legislature_7_segment_2_stats.json,False,False
wave_1,7,2,AB-BA,0,0.0,0.0,0.0,wave_1_legislature_7_segment_2_stats.json,True,True
wave_1,7,2,AB-B0,7,0.08,0.54,0.54,wave_1_legislature_7_segment_2_stats.json,True,True
wave_1,7,2,AB-X0,5,0.05,0.38,0.38,wave_1_legislature_7_segment_2_stats.json,True,True
wave_1,7,2,AB-XA,1,0.01,0.08,0.08,wave_1_legislature_7_segment_2_stats.json,True,True
wave_1,7,2,AB-XB,0,0.0,0.0,0.0,wave_1_legislature_7_segment_2_stats.json,True,True
wave_1,7,2,AB-A0,0,0.0,0.0,0.0,wave_1_legislature_7_segment_2_stats.json,False,True
wave_1,7,2,AB-BY,0,0.0,0.0,0.0,wave_1_legislature_7_segment_2_stats.json,True,True
wave_1,7,2,AB-XY,0,0.0,0.0,0.0,wave_1_legislature_7_segment_2_stats.json,True,True
wave_1,7,2,AB-AY,0,0.0,0.0,0.0,wave_1_legislature_7_segment_2_stats.json,False,True
wave_1,7,3,A0-XA,17,0.19,0.23,0.23,wave_1_legislature_7_segment_3_stats.json,True,False
wave_1,7,3,A0-X0,57,0.63,0.77,0.77,wave_1_legislature_7_segment_3_stats.json,True,False
wave_1,7,3,A0-XY,0,0.0,0.0,0.0,wave_1_legislature_7_segment_3_stats.json,True,False
wave_1,7,3,A0-AY,0,0.0,0.0,0.0,wave_1_legislature_7_segment_3_stats.json,False,False
wave_1,7,3,AB-BA,0,0.0,0.0,0.0,wave_1_legislature_7_segment_3_stats.json,True,True
wave_1,7,3,AB-B0,12,0.13,0.71,0.71,wave_1_legislature_7_segment_3_stats.json,True,True
wave_1,7,3,AB-X0,5,0.05,0.29,0.29,wave_1_legislature_7_segment_3_stats.json,True,True
wave_1,7,3,AB-XA,0,0.0,0.0,0.0,wave_1_legislature_7_segment_3_stats.json,True,True
wave_1,7,3,AB-XB,0,0.0,0.0,0.0,wave_1_legislature_7_segment_3_stats.json,True,True
wave_1,7,3,AB-A0,0,0.0,0.0,0.0,wave_1_legislature_7_segment_3_stats.json,False,True
wave_1,7,3,AB-BY,0,0.0,0.0,0.0,wave_1_legislature_7_segment_3_stats.json,True,True
wave_1,7,3,AB-XY,0,0.0,0.0,0.0,wave_1_legislature_7_segment_3_stats.json,True,True
wave_1,7,3,AB-AY,0,0.0,0.0,0.0,wave_1_legislature_7_segment_3_stats.json,False,True
wave_1,8,1,A0-XA,20,0.19,0.24,0.24,wave_1_legislature_8_segment_1_stats.json,True,False
wave_1,8,1,A0-X0,63,0.61,0.76,0.76,wave_1_legislature_8_segment_1_stats.json,True,False
wave_1,8,1,A0-XY,0,0.0,0.0,0.0,wave_1_legislature_8_segment_1_stats.json,True,False
wave_1,8,1,A0-AY,0,0.0,0.0,0.0,wave_1_legislature_8_segment_1_stats.json,False,False
wave_1,8,1,AB-BA,0,0.0,0.0,0.0,wave_1_legislature_8_segment_1_stats.json,True,True
wave_1,8,1,AB-B0,19,0.18,0.9,0.9,wave_1_legislature_8_segment_1_stats.json,True,True
wave_1,8,1,AB-X0,1,0.01,0.05,0.05,wave_1_legislature_8_segment_1_stats.json,True,True
wave_1,8,1,AB-XA,1,0.01,0.05,0.05,wave_1_legislature_8_segment_1_stats.json,True,True
wave_1,8,1,AB-XB,0,0.0,0.0,0.0,wave_1_legislature_8_segment_1_stats.json,True,True
wave_1,8,1,AB-A0,0,0.0,0.0,0.0,wave_1_legislature_8_segment_1_stats.json,False,True
wave_1,8,1,AB-BY,0,0.0,0.0,0.0,wave_1_legislature_8_segment_1_stats.json,True,True
wave_1,8,1,AB-XY,0,0.0,0.0,0.0,wave_1_legislature_8_segment_1_stats.json,True,True
wave_1,8,1,AB-AY,0,0.0,0.0,0.0,wave_1_legislature_8_segment_1_stats.json,False,True
wave_1,8,2,A0-XA,23,0.22,0.28,0.28,wave_1_legislature_8_segment_2_stats.json,True,False
wave_1,8,2,A0-X0,59,0.56,0.72,0.72,wave_1_legislature_8_segment_2_stats.json,True,False
wave_1,8,2,A0-XY,0,0.0,0.0,0.0,wave_1_legislature_8_segment_2_stats.json,True,False
wave_1,8,2,A0-AY,0,0.0,0.0,0.0,wave_1_legislature_8_segment_2_stats.json,False,False
wave_1,8,2,AB-BA,0,0.0,0.0,0.0,wave_1_legislature_8_segment_2_stats.json,True,True
wave_1,8,2,AB-B0,17,0.16,0.74,0.74,wave_1_legislature_8_segment_2_stats.json,True,True
wave_1,8,2,AB-X0,6,0.06,0.26,0.26,wave_1_legislature_8_segment_2_stats.json,True,True
wave_1,8,2,AB-XA,0,0.0,0.0,0.0,wave_1_legislature_8_segment_2_stats.json,True,True
wave_1,8,2,AB-XB,0,0.0,0.0,0.0,wave_1_legislature_8_segment_2_stats.json,True,True
wave_1,8,2,AB-A0,0,0.0,0.0,0.0,wave_1_legislature_8_segment_2_stats.json,False,True
wave_1,8,2,AB-BY,0,0.0,0.0,0.0,wave_1_legislature_8_segment_2_stats.json,True,True
wave_1,8,2,AB-XY,0,0.0,0.0,0.0,wave_1_legislature_8_segment_2_stats.json,True,True
wave_1,8,2,AB-AY,0,0.0,0.0,0.0,wave_1_legislature_8_segment_2_stats.json,False,True
wave_1,8,3,A0-XA,26,0.25,0.33,0.33,wave_1_legislature_8_segment_3_stats.json,True,False
wave_1,8,3,A0-X0,53,0.5,0.67,0.67,wave_1_legislature_8_segment_3_stats.json,True,False
wave_1,8,3,A0-XY,0,0.0,0.0,0.0,wave_1_legislature_8_segment_3_stats.json,True,False
wave_1,8,3,A0-AY,0,0.0,0.0,0.0,wave_1_legislature_8_segment_3_stats.json,False,False
wave_1,8,3,AB-BA,0,0.0,0.0,0.0,wave_1_legislature_8_segment_3_stats.json,True,True
wave_1,8,3,AB-B0,22,0.21,0.85,0.85,wave_1_legislature_8_segment_3_stats.json,True,True
wave_1,8,3,AB-X0,4,0.04,0.15,0.15,wave_1_legislature_8_segment_3_stats.json,True,True
wave_1,8,3,AB-XA,0,0.0,0.0,0.0,wave_1_legislature_8_segment_3_stats.json,True,True
wave_1,8,3,AB-XB,0,0.0,0.0,0.0,wave_1_legislature_8_segment_3_stats.json,True,True
wave_1,8,3,AB-A0,0,0.0,0.0,0.0,wave_1_legislature_8_segment_3_stats.json,False,True
wave_1,8,3,AB-BY,0,0.0,0.0,0.0,wave_1_legislature_8_segment_3_stats.json,True,True
wave_1,8,3,AB-XY,0,0.0,0.0,0.0,wave_1_legislature_8_segment_3_stats.json,True,True
wave_1,8,3,AB-AY,0,0.0,0.0,0.0,wave_1_legislature_8_segment_3_stats.json,False,True
wave_1,9,1,A0-XA,30,0.24,0.32,0.32,wave_1_legislature_9_segment_1_stats.json,True,False
wave_1,9,1,A0-X0,63,0.51,0.68,0.68,wave_1_legislature_9_segment_1_stats.json,True,False
wave_1,9,1,A0-XY,0,0.0,0.0,0.0,wave_1_legislature_9_segment_1_stats.json,True,False
wave_1,9,1,A0-AY,0,0.0,0.0,0.0,wave_1_legislature_9_segment_1_stats.json,False,False
wave_1,9,1,AB-BA,0,0.0,0.0,0.0,wave_1_legislature_9_segment_1_stats.json,True,True
wave_1,9,1,AB-B0,22,0.18,0.73,0.73,wave_1_legislature_9_segment_1_stats.json,True,True
wave_1,9,1,AB-X0,8,0.07,0.27,0.27,wave_1_legislature_9_segment_1_stats.json,True,True
wave_1,9,1,AB-XA,0,0.0,0.0,0.0,wave_1_legislature_9_segment_1_stats.json,True,True
wave_1,9,1,AB-XB,0,0.0,0.0,0.0,wave_1_legislature_9_segment_1_stats.json,True,True
wave_1,9,1,AB-A0,0,0.0,0.0,0.0,wave_1_legislature_9_segment_1_stats.json,False,True
wave_1,9,1,AB-BY,0,0.0,0.0,0.0,wave_1_legislature_9_segment_1_stats.json,True,True
wave_1,9,1,AB-XY,0,0.0,0.0,0.0,wave_1_legislature_9_segment_1_stats.json,True,True
wave_1,9,1,AB-AY,0,0.0,0.0,0.0,wave_1_legislature_9_segment_1_stats.json,False,True
wave_1,9,2,A0-XA,19,0.15,0.18,0.18,wave_1_legislature_9_segment_2_stats.json,True,False
wave_1,9,2,A0-X0,86,0.69,0.82,0.82,wave_1_legislature_9_segment_2_stats.json,True,False
wave_1,9,2,A0-XY,0,0.0,0.0,0.0,wave_1_legislature_9_segment_2_stats.json,True,False
wave_1,9,2,A0-AY,0,0.0,0.0,0.0,wave_1_legislature_9_segment_2_stats.json,False,False
wave_1,9,2,AB-BA,0,0.0,0.0,0.0,wave_1_legislature_9_segment_2_stats.json,True,True
wave_1,9,2,AB-B0,8,0.06,0.42,0.44,wave_1_legislature_9_segment_2_stats.json,True,True
wave_1,9,2,AB-X0,9,0.07,0.47,0.5,wave_1_legislature_9_segment_2_stats.json,True,True
wave_1,9,2,AB-XA,1,0.01,0.05,0.06,wave_1_legislature_9_segment_2_stats.json,True,True
wave_1,9,2,AB-XB,0,0.0,0.0,0.0,wave_1_legislature_9_segment_2_stats.json,True,True
wave_1,9,2,AB-A0,1,0.01,0.05,0.0,wave_1_legislature_9_segment_2_stats.json,False,True
wave_1,9,2,AB-BY,0,0.0,0.0,0.0,wave_1_legislature_9_segment_2_stats.json,True,True
wave_1,9,2,AB-XY,0,0.0,0.0,0.0,wave_1_legislature_9_segment_2_stats.json,True,True
wave_1,9,2,AB-AY,0,0.0,0.0,0.0,wave_1_legislature_9_segment_2_stats.json,False,True
wave_1,9,3,A0-XA,28,0.22,0.29,0.29,wave_1_legislature_9_segment_3_stats.json,True,False
wave_1,9,3,A0-X0,68,0.54,0.71,0.71,wave_1_legislature_9_segment_3_stats.json,True,False
wave_1,9,3,A0-XY,0,0.0,0.0,0.0,wave_1_legislature_9_segment_3_stats.json,True,False
wave_1,9,3,A0-AY,0,0.0,0.0,0.0,wave_1_legislature_9_segment_3_stats.json,False,False
wave_1,9,3,AB-BA,0,0.0,0.0,0.0,wave_1_legislature_9_segment_3_stats.json,True,True
wave_1,9,3,AB-B0,18,0.14,0.62,0.72,wave_1_legislature_9_segment_3_stats.json,True,True
wave_1,9,3,AB-X0,6,0.05,0.21,0.24,wave_1_legislature_9_segment_3_stats.json,True,True
wave_1,9,3,AB-XA,1,0.01,0.03,0.04,wave_1_legislature_9_segment_3_stats.json,True,True
wave_1,9,3,AB-XB,0,0.0,0.0,0.0,wave_1_legislature_9_segment_3_stats.json,True,True
wave_1,9,3,AB-A0,4,0.03,0.14,0.0,wave_1_legislature_9_segment_3_stats.json,False,True
wave_1,9,3,AB-BY,0,0.0,0.0,0.0,wave_1_legislature_9_segment_3_stats.json,True,True
wave_1,9,3,AB-XY,0,0.0,0.0,0.0,wave_1_legislature_9_segment_3_stats.json,True,True
wave_1,9,3,AB-AY,0,0.0,0.0,0.0,wave_1_legislature_9_segment_3_stats.json,False,True
wave_1,10,1,A0-XA,24,0.24,0.31,0.31,wave_1_legislature_10_segment_1_stats.json,True,False
wave_1,10,1,A0-X0,53,0.52,0.69,0.69,wave_1_legislature_10_segment_1_stats.json,True,False
wave_1,10,1,A0-XY,0,0.0,0.0,0.0,wave_1_legislature_10_segment_1_stats.json,True,False
wave_1,10,1,A0-AY,0,0.0,0.0,0.0,wave_1_legislature_10_segment_1_stats.json,False,False
wave_1,10,1,AB-BA,0,0.0,0.0,0.0,wave_1_legislature_10_segment_1_stats.json,True,True
wave_1,10,1,AB-B0,20,0.2,0.83,0.83,wave_1_legislature_10_segment_1_stats.json,True,True
wave_1,10,1,AB-X0,3,0.03,0.12,0.12,wave_1_legislature_10_segment_1_stats.json,True,True
wave_1,10,1,AB-XA,1,0.01,0.04,0.04,wave_1_legislature_10_segment_1_stats.json,True,True
wave_1,10,1,AB-XB,0,0.0,0.0,0.0,wave_1_legislature_10_segment_1_stats.json,True,True
wave_1,10,1,AB-A0,0,0.0,0.0,0.0,wave_1_legislature_10_segment_1_stats.json,False,True
wave_1,10,1,AB-BY,0,0.0,0.0,0.0,wave_1_legislature_10_segment_1_stats.json,True,True
wave_1,10,1,AB-XY,0,0.0,0.0,0.0,wave_1_legislature_10_segment_1_stats.json,True,True
wave_1,10,1,AB-AY,0,0.0,0.0,0.0,wave_1_legislature_10_segment_1_stats.json,False,True
wave_1,10,2,A0-XA,23,0.22,0.29,0.29,wave_1_legislature_10_segment_2_stats.json,True,False
wave_1,10,2,A0-X0,56,0.54,0.71,0.71,wave_1_legislature_10_segment_2_stats.json,True,False
wave_1,10,2,A0-XY,0,0.0,0.0,0.0,wave_1_legislature_10_segment_2_stats.json,True,False
wave_1,10,2,A0-AY,0,0.0,0.0,0.0,wave_1_legislature_10_segment_2_stats.json,False,False
wave_1,10,2,AB-BA,0,0.0,0.0,0.0,wave_1_legislature_10_segment_2_stats.json,True,True
wave_1,10,2,AB-B0,19,0.18,0.79,0.79,wave_1_legislature_10_segment_2_stats.json,True,True
wave_1,10,2,AB-X0,5,0.05,0.21,0.21,wave_1_legislature_10_segment_2_stats.json,True,True
wave_1,10,2,AB-XA,0,0.0,0.0,0.0,wave_1_legislature_10_segment_2_stats.json,True,True
wave_1,10,2,AB-XB,0,0.0,0.0,0.0,wave_1_legislature_10_segment_2_stats.json,True,True
wave_1,10,2,AB-A0,0,0.0,0.0,0.0,wave_1_legislature_10_segment_2_stats.json,False,True
wave_1,10,2,AB-BY,0,0.0,0.0,0.0,wave_1_legislature_10_segment_2_stats.json,True,True
wave_1,10,2,AB-XY,0,0.0,0.0,0.0,wave_1_legislature_10_segment_2_stats.json,True,True
wave_1,10,2,AB-AY,0,0.0,0.0,0.0,wave_1_legislature_10_segment_2_stats.json,False,True
wave_1,10,3,A0-XA,22,0.21,0.27,0.27,wave_1_legislature_10_segment_3_stats.json,True,False
wave_1,10,3,A0-X0,59,0.57,0.73,0.73,wave_1_legislature_10_segment_3_stats.json,True,False
wave_1,10,3,A0-XY,0,0.0,0.0,0.0,wave_1_legislature_10_segment_3_stats.json,True,False
wave_1,10,3,A0-AY,0,0.0,0.0,0.0,wave_1_legislature_10_segment_3_stats.json,False,False
wave_1,10,3,AB-BA,0,0.0,0.0,0.0,wave_1_legislature_10_segment_3_stats.json,True,True
wave_1,10,3,AB-B0,22,0.21,1.0,1.0,wave_1_legislature_10_segment_3_stats.json,True,True
wave_1,10,3,AB-X0,0,0.0,0.0,0.0,wave_1_legislature_10_segment_3_stats.json,True,True
wave_1,10,3,AB-XA,0,0.0,0.0,0.0,wave_1_legislature_10_segment_3_stats.json,True,True
wave_1,10,3,AB-XB,0,0.0,0.0,0.0,wave_1_legislature_10_segment_3_stats.json,True,True
wave_1,10,3,AB-A0,0,0.0,0.0,0.0,wave_1_legislature_10_segment_3_stats.json,False,True
wave_1,10,3,AB-BY,0,0.0,0.0,0.0,wave_1_legislature_10_segment_3_stats.json,True,True
wave_1,10,3,AB-XY,0,0.0,0.0,0.0,wave_1_legislature_10_segment_3_stats.json,True,True
wave_1,10,3,AB-AY,0,0.0,0.0,0.0,wave_1_legislature_10_segment_3_stats.json,False,True
wave_1,11,1,A0-XA,16,0.18,0.21,0.21,wave_1_legislature_11_segment_1_stats.json,True,False
wave_1,11,1,A0-X0,60,0.66,0.79,0.79,wave_1_legislature_11_segment_1_stats.json,True,False
wave_1,11,1,A0-XY,0,0.0,0.0,0.0,wave_1_legislature_11_segment_1_stats.json,True,False
wave_1,11,1,A0-AY,0,0.0,0.0,0.0,wave_1_legislature_11_segment_1_stats.json,False,False
wave_1,11,1,AB-BA,0,0.0,0.0,0.0,wave_1_legislature_11_segment_1_stats.json,True,True
wave_1,11,1,AB-B0,15,0.16,1.0,1.0,wave_1_legislature_11_segment_1_stats.json,True,True
wave_1,11,1,AB-X0,0,0.0,0.0,0.0,wave_1_legislature_11_segment_1_stats.json,True,True
wave_1,11,1,AB-XA,0,0.0,0.0,0.0,wave_1_legislature_11_segment_1_stats.json,True,True
wave_1,11,1,AB-XB,0,0.0,0.0,0.0,wave_1_legislature_11_segment_1_stats.json,True,True
wave_1,11,1,AB-A0,0,0.0,0.0,0.0,wave_1_legislature_11_segment_1_stats.json,False,True
wave_1,11,1,AB-BY,0,0.0,0.0,0.0,wave_1_legislature_11_segment_1_stats.json,True,True
wave_1,11,1,AB-XY,0,0.0,0.0,0.0,wave_1_legislature_11_segment_1_stats.json,True,True
wave_1,11,1,AB-AY,0,0.0,0.0,0.0,wave_1_legislature_11_segment_1_stats.json,False,True
wave_1,11,2,A0-XA,8,0.09,0.1,0.1,wave_1_legislature_11_segment_2_stats.json,True,False
wave_1,11,2,A0-X0,74,0.8,0.9,0.9,wave_1_legislature_11_segment_2_stats.json,True,False
wave_1,11,2,A0-XY,0,0.0,0.0,0.0,wave_1_legislature_11_segment_2_stats.json,True,False
wave_1,11,2,A0-AY,0,0.0,0.0,0.0,wave_1_legislature_11_segment_2_stats.json,False,False
wave_1,11,2,AB-BA,0,0.0,0.0,0.0,wave_1_legislature_11_segment_2_stats.json,True,True
wave_1,11,2,AB-B0,8,0.09,0.8,0.8,wave_1_legislature_11_segment_2_stats.json,True,True
wave_1,11,2,AB-X0,2,0.02,0.2,0.2,wave_1_legislature_11_segment_2_stats.json,True,True
wave_1,11,2,AB-XA,0,0.0,0.0,0.0,wave_1_legislature_11_segment_2_stats.json,True,True
wave_1,11,2,AB-XB,0,0.0,0.0,0.0,wave_1_legislature_11_segment_2_stats.json,True,True
wave_1,11,2,AB-A0,0,0.0,0.0,0.0,wave_1_legislature_11_segment_2_stats.json,False,True
wave_1,11,2,AB-BY,0,0.0,0.0,0.0,wave_1_legislature_11_segment_2_stats.json,True,True
wave_1,11,2,AB-XY,0,0.0,0.0,0.0,wave_1_legislature_11_segment_2_stats.json,True,True
wave_1,11,2,AB-AY,0,0.0,0.0,0.0,wave_1_legislature_11_segment_2_stats.json,False,True
wave_1,11,3,A0-XA,11,0.12,0.13,0.13,wave_1_legislature_11_segment_3_stats.json,True,False
wave_1,11,3,A0-X0,71,0.76,0.87,0.87,wave_1_legislature_11_segment_3_stats.json,True,False
wave_1,11,3,A0-XY,0,0.0,0.0,0.0,wave_1_legislature_11_segment_3_stats.json,True,False
wave_1,11,3,A0-AY,0,0.0,0.0,0.0,wave_1_legislature_11_segment_3_stats.json,False,False
wave_1,11,3,AB-BA,0,0.0,0.0,0.0,wave_1_legislature_11_segment_3_stats.json,True,True
wave_1,11,3,AB-B0,10,0.11,0.91,0.91,wave_1_legislature_11_segment_3_stats.json,True,True
wave_1,11,3,AB-X0,1,0.01,0.09,0.09,wave_1_legislature_11_segment_3_stats.json,True,True
wave_1,11,3,AB-XA,0,0.0,0.0,0.0,wave_1_legislature_11_segment_3_stats.json,True,True
wave_1,11,3,AB-XB,0,0.0,0.0,0.0,wave_1_legislature_11_segment_3_stats.json,True,True
wave_1,11,3,AB-A0,0,0.0,0.0,0.0,wave_1_legislature_11_segment_3_stats.json,False,True
wave_1,11,3,AB-BY,0,0.0,0.0,0.0,wave_1_legislature_11_segment_3_stats.json,True,True
wave_1,11,3,AB-XY,0,0.0,0.0,0.0,wave_1_legislature_11_segment_3_stats.json,True,True
wave_1,11,3,AB-AY,0,0.0,0.0,0.0,wave_1_legislature_11_segment_3_stats.json,False,True
wave_1,12,1,A0-XA,12,0.13,0.15,0.15,wave_1_legislature_12_segment_1_stats.json,True,False
wave_1,12,1,A0-X0,67,0.74,0.85,0.85,wave_1_legislature_12_segment_1_stats.json,True,False
wave_1,12,1,A0-XY,0,0.0,0.0,0.0,wave_1_legislature_12_segment_1_stats.json,True,False
wave_1,12,1,A0-AY,0,0.0,0.0,0.0,wave_1_legislature_12_segment_1_stats.json,False,False
wave_1,12,1,AB-BA,0,0.0,0.0,0.0,wave_1_legislature_12_segment_1_stats.json,True,True
wave_1,12,1,AB-B0,12,0.13,1.0,1.0,wave_1_legislature_12_segment_1_stats.json,True,True
wave_1,12,1,AB-X0,0,0.0,0.0,0.0,wave_1_legislature_12_segment_1_stats.json,True,True
wave_1,12,1,AB-XA,0,0.0,0.0,0.0,wave_1_legislature_12_segment_1_stats.json,True,True
wave_1,12,1,AB-XB,0,0.0,0.0,0.0,wave_1_legislature_12_segment_1_stats.json,True,True
wave_1,12,1,AB-A0,0,0.0,0.0,0.0,wave_1_legislature_12_segment_1_stats.json,False,True
wave_1,12,1,AB-BY,0,0.0,0.0,0.0,wave_1_legislature_12_segment_1_stats.json,True,True
wave_1,12,1,AB-XY,0,0.0,0.0,0.0,wave_1_legislature_12_segment_1_stats.json,True,True
wave_1,12,1,AB-AY,0,0.0,0.0,0.0,wave_1_legislature_12_segment_1_stats.json,False,True
wave_1,12,2,A0-XA,17,0.18,0.23,0.23,wave_1_legislature_12_segment_2_stats.json,True,False
wave_1,12,2,A0-X0,57,0.62,0.77,0.77,wave_1_legislature_12_segment_2_stats.json,True,False
wave_1,12,2,A0-XY,0,0.0,0.0,0.0,wave_1_legislature_12_segment_2_stats.json,True,False
wave_1,12,2,A0-AY,0,0.0,0.0,0.0,wave_1_legislature_12_segment_2_stats.json,False,False
wave_1,12,2,AB-BA,0,0.0,0.0,0.0,wave_1_legislature_12_segment_2_stats.json,True,True
wave_1,12,2,AB-B0,16,0.17,0.89,0.89,wave_1_legislature_12_segment_2_stats.json,True,True
wave_1,12,2,AB-X0,1,0.01,0.06,0.06,wave_1_legislature_12_segment_2_stats.json,True,True
wave_1,12,2,AB-XA,1,0.01,0.06,0.06,wave_1_legislature_12_segment_2_stats.json,True,True
wave_1,12,2,AB-XB,0,0.0,0.0,0.0,wave_1_legislature_12_segment_2_stats.json,True,True
wave_1,12,2,AB-A0,0,0.0,0.0,0.0,wave_1_legislature_12_segment_2_stats.json,False,True
wave_1,12,2,AB-BY,0,0.0,0.0,0.0,wave_1_legislature_12_segment_2_stats.json,True,True
wave_1,12,2,AB-XY,0,0.0,0.0,0.0,wave_1_legislature_12_segment_2_stats.json,True,True
wave_1,12,2,AB-AY,0,0.0,0.0,0.0,wave_1_legislature_12_segment_2_stats.json,False,True
wave_1,12,3,A0-XA,5,0.05,0.06,0.06,wave_1_legislature_12_segment_3_stats.json,True,False
wave_1,12,3,A0-X0,82,0.89,0.94,0.94,wave_1_legislature_12_segment_3_stats.json,True,False
wave_1,12,3,A0-XY,0,0.0,0.0,0.0,wave_1_legislature_12_segment_3_stats.json,True,False
wave_1,12,3,A0-AY,0,0.0,0.0,0.0,wave_1_legislature_12_segment_3_stats.json,False,False
wave_1,12,3,AB-BA,0,0.0,0.0,0.0,wave_1_legislature_12_segment_3_stats.json,True,True
wave_1,12,3,AB-B0,5,0.05,1.0,1.0,wave_1_legislature_12_segment_3_stats.json,True,True
wave_1,12,3,AB-X0,0,0.0,0.0,0.0,wave_1_legislature_12_segment_3_stats.json,True,True
wave_1,12,3,AB-XA,0,0.0,0.0,0.0,wave_1_legislature_12_segment_3_stats.json,True,True
wave_1,12,3,AB-XB,0,0.0,0.0,0.0,wave_1_legislature_12_segment_3_stats.json,True,True
wave_1,12,3,AB-A0,0,0.0,0.0,0.0,wave_1_legislature_12_segment_3_stats.json,False,True
wave_1,12,3,AB-BY,0,0.0,0.0,0.0,wave_1_legislature_12_segment_3_stats.json,True,True
wave_1,12,3,AB-XY,0,0.0,0.0,0.0,wave_1_legislature_12_segment_3_stats.json,True,True
wave_1,12,3,AB-AY,0,0.0,0.0,0.0,wave_1_legislature_12_segment_3_stats.json,False,True
wave_1,13,1,A0-XA,8,0.1,0.11,0.11,wave_1_legislature_13_segment_1_stats.json,True,False
wave_1,13,1,A0-X0,64,0.8,0.89,0.89,wave_1_legislature_13_segment_1_stats.json,True,False
wave_1,13,1,A0-XY,0,0.0,0.0,0.0,wave_1_legislature_13_segment_1_stats.json,True,False
wave_1,13,1,A0-AY,0,0.0,0.0,0.0,wave_1_legislature_13_segment_1_stats.json,False,False
wave_1,13,1,AB-BA,0,0.0,0.0,0.0,wave_1_legislature_13_segment_1_stats.json,True,True
wave_1,13,1,AB-B0,7,0.09,0.88,0.88,wave_1_legislature_13_segment_1_stats.json,True,True
wave_1,13,1,AB-X0,1,0.01,0.12,0.12,wave_1_legislature_13_segment_1_stats.json,True,True
wave_1,13,1,AB-XA,0,0.0,0.0,0.0,wave_1_legislature_13_segment_1_stats.json,True,True
wave_1,13,1,AB-XB,0,0.0,0.0,0.0,wave_1_legislature_13_segment_1_stats.json,True,True
wave_1,13,1,AB-A0,0,0.0,0.0,0.0,wave_1_legislature_13_segment_1_stats.json,False,True
wave_1,13,1,AB-BY,0,0.0,0.0,0.0,wave_1_legislature_13_segment_1_stats.json,True,True
wave_1,13,1,AB-XY,0,0.0,0.0,0.0,wave_1_legislature_13_segment_1_stats.json,True,True
wave_1,13,1,AB-AY,0,0.0,0.0,0.0,wave_1_legislature_13_segment_1_stats.json,False,True
wave_1,13,2,A0-XA,12,0.15,0.17,0.17,wave_1_legislature_13_segment_2_stats.json,True,False
wave_1,13,2,A0-X0,58,0.72,0.83,0.83,wave_1_legislature_13_segment_2_stats.json,True,False
wave_1,13,2,A0-XY,0,0.0,0.0,0.0,wave_1_legislature_13_segment_2_stats.json,True,False
wave_1,13,2,A0-AY,0,0.0,0.0,0.0,wave_1_legislature_13_segment_2_stats.json,False,False
wave_1,13,2,AB-BA,0,0.0,0.0,0.0,wave_1_legislature_13_segment_2_stats.json,True,True
wave_1,13,2,AB-B0,9,0.11,0.82,0.82,wave_1_legislature_13_segment_2_stats.json,True,True
wave_1,13,2,AB-X0,2,0.02,0.18,0.18,wave_1_legislature_13_segment_2_stats.json,True,True
wave_1,13,2,AB-XA,0,0.0,0.0,0.0,wave_1_legislature_13_segment_2_stats.json,True,True
wave_1,13,2,AB-XB,0,0.0,0.0,0.0,wave_1_legislature_13_segment_2_stats.json,True,True
wave_1,13,2,AB-A0,0,0.0,0.0,0.0,wave_1_legislature_13_segment_2_stats.json,False,True
wave_1,13,2,AB-BY,0,0.0,0.0,0.0,wave_1_legislature_13_segment_2_stats.json,True,True
wave_1,13,2,AB-XY,0,0.0,0.0,0.0,wave_1_legislature_13_segment_2_stats.json,True,True
wave_1,13,2,AB-AY,0,0.0,0.0,0.0,wave_1_legislature_13_segment_2_stats.json,False,True
wave_1,13,3,A0-XA,4,0.05,0.05,0.05,wave_1_legislature_13_segment_3_stats.json,True,False
wave_1,13,3,A0-X0,72,0.89,0.95,0.95,wave_1_legislature_13_segment_3_stats.json,True,False
wave_1,13,3,A0-XY,0,0.0,0.0,0.0,wave_1_legislature_13_segment_3_stats.json,True,False
wave_1,13,3,A0-AY,0,0.0,0.0,0.0,wave_1_legislature_13_segment_3_stats.json,False,False
wave_1,13,3,AB-BA,0,0.0,0.0,0.0,wave_1_legislature_13_segment_3_stats.json,True,True
wave_1,13,3,AB-B0,5,0.06,1.0,1.0,wave_1_legislature_13_segment_3_stats.json,True,True
wave_1,13,3,AB-X0,0,0.0,0.0,0.0,wave_1_legislature_13_segment_3_stats.json,True,True
wave_1,13,3,AB-XA,0,0.0,0.0,0.0,wave_1_legislature_13_segment_3_stats.json,True,True
wave_1,13,3,AB-XB,0,0.0,0.0,0.0,wave_1_legislature_13_segment_3_stats.json,True,True
wave_1,13,3,AB-A0,0,0.0,0.0,0.0,wave_1_legislature_13_segment_3_stats.json,False,True
wave_1,13,3,AB-BY,0,0.0,0.0,0.0,wave_1_legislature_13_segment_3_stats.json,True,True
wave_1,13,3,AB-XY,0,0.0,0.0,0.0,wave_1_legislature_13_segment_3_stats.json,True,True
wave_1,13,3,AB-AY,0,0.0,0.0,0.0,wave_1_legislature_13_segment_3_stats.json,False,True
wave_1,14,1,A0-XA,4,0.05,0.05,0.05,wave_1_legislature_14_segment_1_stats.json,True,False
wave_1,14,1,A0-X0,73,0.9,0.95,0.95,wave_1_legislature_14_segment_1_stats.json,True,False
wave_1,14,1,A0-XY,0,0.0,0.0,0.0,wave_1_legislature_14_segment_1_stats.json,True,False
wave_1,14,1,A0-AY,0,0.0,0.0,0.0,wave_1_legislature_14_segment_1_stats.json,False,False
wave_1,14,1,AB-BA,0,0.0,0.0,0.0,wave_1_legislature_14_segment_1_stats.json,True,True
wave_1,14,1,AB-B0,4,0.05,1.0,1.0,wave_1_legislature_14_segment_1_stats.json,True,True
wave_1,14,1,AB-X0,0,0.0,0.0,0.0,wave_1_legislature_14_segment_1_stats.json,True,True
wave_1,14,1,AB-XA,0,0.0,0.0,0.0,wave_1_legislature_14_segment_1_stats.json,True,True
wave_1,14,1,AB-XB,0,0.0,0.0,0.0,wave_1_legislature_14_segment_1_stats.json,True,True
wave_1,14,1,AB-A0,0,0.0,0.0,0.0,wave_1_legislature_14_segment_1_stats.json,False,True
wave_1,14,1,AB-BY,0,0.0,0.0,0.0,wave_1_legislature_14_segment_1_stats.json,True,True
wave_1,14,1,AB-XY,0,0.0,0.0,0.0,wave_1_legislature_14_segment_1_stats.json,True,True
wave_1,14,1,AB-AY,0,0.0,0.0,0.0,wave_1_legislature_14_segment_1_stats.json,False,True
wave_1,14,2,A0-XA,1,0.01,0.01,0.01,wave_1_legislature_14_segment_2_stats.json,True,False
wave_1,14,2,A0-X0,81,0.98,0.99,0.99,wave_1_legislature_14_segment_2_stats.json,True,False
wave_1,14,2,A0-XY,0,0.0,0.0,0.0,wave_1_legislature_14_segment_2_stats.json,True,False
wave_1,14,2,A0-AY,0,0.0,0.0,0.0,wave_1_legislature_14_segment_2_stats.json,False,False
wave_1,14,2,AB-BA,0,0.0,0.0,0.0,wave_1_legislature_14_segment_2_stats.json,True,True
wave_1,14,2,AB-B0,1,0.01,1.0,1.0,wave_1_legislature_14_segment_2_stats.json,True,True
wave_1,14,2,AB-X0,0,0.0,0.0,0.0,wave_1_legislature_14_segment_2_stats.json,True,True
wave_1,14,2,AB-XA,0,0.0,0.0,0.0,wave_1_legislature_14_segment_2_stats.json,True,True
wave_1,14,2,AB-XB,0,0.0,0.0,0.0,wave_1_legislature_14_segment_2_stats.json,True,True
wave_1,14,2,AB-A0,0,0.0,0.0,0.0,wave_1_legislature_14_segment_2_stats.json,False,True
wave_1,14,2,AB-BY,0,0.0,0.0,0.0,wave_1_legislature_14_segment_2_stats.json,True,True
wave_1,14,2,AB-XY,0,0.0,0.0,0.0,wave_1_legislature_14_segment_2_stats.json,True,True
wave_1,14,2,AB-AY,0,0.0,0.0,0.0,wave_1_legislature_14_segment_2_stats.json,False,True
wave_1,14,3,A0-XA,4,0.05,0.05,0.05,wave_1_legislature_14_segment_3_stats.json,True,False
wave_1,14,3,A0-X0,75,0.9,0.95,0.95,wave_1_legislature_14_segment_3_stats.json,True,False
wave_1,14,3,A0-XY,0,0.0,0.0,0.0,wave_1_legislature_14_segment_3_stats.json,True,False
wave_1,14,3,A0-AY,0,0.0,0.0,0.0,wave_1_legislature_14_segment_3_stats.json,False,False
wave_1,14,3,AB-BA,0,0.0,0.0,0.0,wave_1_legislature_14_segment_3_stats.json,True,True
wave_1,14,3,AB-B0,2,0.02,0.5,0.5,wave_1_legislature_14_segment_3_stats.json,True,True
wave_1,14,3,AB-X0,2,0.02,0.5,0.5,wave_1_legislature_14_segment_3_stats.json,True,True
wave_1,14,3,AB-XA,0,0.0,0.0,0.0,wave_1_legislature_14_segment_3_stats.json,True,True
wave_1,14,3,AB-XB,0,0.0,0.0,0.0,wave_1_legislature_14_segment_3_stats.json,True,True
wave_1,14,3,AB-A0,0,0.0,0.0,0.0,wave_1_legislature_14_segment_3_stats.json,False,True
wave_1,14,3,AB-BY,0,0.0,0.0,0.0,wave_1_legislature_14_segment_3_stats.json,True,True
wave_1,14,3,AB-XY,0,0.0,0.0,0.0,wave_1_legislature_14_segment_3_stats.json,True,True
wave_1,14,3,AB-AY,0,0.0,0.0,0.0,wave_1_legislature_14_segment_3_stats.json,False,True
wave_2,1,1,A0-XA,19,0.24,0.32,0.32,wave_2_legislature_1_segment_1_stats.json,True,False
wave_2,1,1,A0-X0,41,0.51,0.68,0.68,wave_2_legislature_1_segment_1_stats.json,True,False
wave_2,1,1,A0-XY,0,0.0,0.0,0.0,wave_2_legislature_1_segment_1_stats.json,True,False
wave_2,1,1,A0-AY,0,0.0,0.0,0.0,wave_2_legislature_1_segment_1_stats.json,False,False
wave_2,1,1,AB-BA,2,0.02,0.1,0.1,wave_2_legislature_1_segment_1_stats.json,True,True
wave_2,1,1,AB-B0,15,0.19,0.75,0.75,wave_2_legislature_1_segment_1_stats.json,True,True
wave_2,1,1,AB-X0,2,0.02,0.1,0.1,wave_2_legislature_1_segment_1_stats.json,True,True
wave_2,1,1,AB-XA,1,0.01,0.05,0.05,wave_2_legislature_1_segment_1_stats.json,True,True
wave_2,1,1,AB-XB,0,0.0,0.0,0.0,wave_2_legislature_1_segment_1_stats.json,True,True
wave_2,1,1,AB-A0,0,0.0,0.0,0.0,wave_2_legislature_1_segment_1_stats.json,False,True
wave_2,1,1,AB-BY,0,0.0,0.0,0.0,wave_2_legislature_1_segment_1_stats.json,True,True
wave_2,1,1,AB-XY,0,0.0,0.0,0.0,wave_2_legislature_1_segment_1_stats.json,True,True
wave_2,1,1,AB-AY,0,0.0,0.0,0.0,wave_2_legislature_1_segment_1_stats.json,False,True
wave_2,1,2,A0-XA,15,0.19,0.23,0.23,wave_2_legislature_1_segment_2_stats.json,True,False
wave_2,1,2,A0-X0,50,0.62,0.77,0.77,wave_2_legislature_1_segment_2_stats.json,True,False
wave_2,1,2,A0-XY,0,0.0,0.0,0.0,wave_2_legislature_1_segment_2_stats.json,True,False
wave_2,1,2,A0-AY,0,0.0,0.0,0.0,wave_2_legislature_1_segment_2_stats.json,False,False
wave_2,1,2,AB-BA,1,0.01,0.06,0.06,wave_2_legislature_1_segment_2_stats.json,True,True
wave_2,1,2,AB-B0,8,0.1,0.5,0.5,wave_2_legislature_1_segment_2_stats.json,True,True
wave_2,1,2,AB-X0,6,0.07,0.38,0.38,wave_2_legislature_1_segment_2_stats.json,True,True
wave_2,1,2,AB-XA,1,0.01,0.06,0.06,wave_2_legislature_1_segment_2_stats.json,True,True
wave_2,1,2,AB-XB,0,0.0,0.0,0.0,wave_2_legislature_1_segment_2_stats.json,True,True
wave_2,1,2,AB-A0,0,0.0,0.0,0.0,wave_2_legislature_1_segment_2_stats.json,False,True
wave_2,1,2,AB-BY,0,0.0,0.0,0.0,wave_2_legislature_1_segment_2_stats.json,True,True
wave_2,1,2,AB-XY,0,0.0,0.0,0.0,wave_2_legislature_1_segment_2_stats.json,True,True
wave_2,1,2,AB-AY,0,0.0,0.0,0.0,wave_2_legislature_1_segment_2_stats.json,False,True
wave_2,1,3,A0-XA,14,0.17,0.22,0.22,wave_2_legislature_1_segment_3_stats.json,True,False
wave_2,1,3,A0-X0,51,0.63,0.78,0.78,wave_2_legislature_1_segment_3_stats.json,True,False
wave_2,1,3,A0-XY,0,0.0,0.0,0.0,wave_2_legislature_1_segment_3_stats.json,True,False
wave_2,1,3,A0-AY,0,0.0,0.0,0.0,wave_2_legislature_1_segment_3_stats.json,False,False
wave_2,1,3,AB-BA,0,0.0,0.0,0.0,wave_2_legislature_1_segment_3_stats.json,True,True
wave_2,1,3,AB-B0,2,0.02,0.12,0.12,wave_2_legislature_1_segment_3_stats.json,True,True
wave_2,1,3,AB-X0,11,0.14,0.69,0.69,wave_2_legislature_1_segment_3_stats.json,True,True
wave_2,1,3,AB-XA,3,0.04,0.19,0.19,wave_2_legislature_1_segment_3_stats.json,True,True
wave_2,1,3,AB-XB,0,0.0,0.0,0.0,wave_2_legislature_1_segment_3_stats.json,True,True
wave_2,1,3,AB-A0,0,0.0,0.0,0.0,wave_2_legislature_1_segment_3_stats.json,False,True
wave_2,1,3,AB-BY,0,0.0,0.0,0.0,wave_2_legislature_1_segment_3_stats.json,True,True
wave_2,1,3,AB-XY,0,0.0,0.0,0.0,wave_2_legislature_1_segment_3_stats.json,True,True
wave_2,1,3,AB-AY,0,0.0,0.0,0.0,wave_2_legislature_1_segment_3_stats.json,False,True
wave_2,2,1,A0-XA,13,0.16,0.65,0.65,wave_2_legislature_2_segment_1_stats.json,True,False
wave_2,2,1,A0-X0,7,0.09,0.35,0.35,wave_2_legislature_2_segment_1_stats.json,True,False
wave_2,2,1,A0-XY,0,0.0,0.0,0.0,wave_2_legislature_2_segment_1_stats.json,True,False
wave_2,2,1,A0-AY,0,0.0,0.0,0.0,wave_2_legislature_2_segment_1_stats.json,False,False
wave_2,2,1,AB-BA,33,0.41,0.54,0.54,wave_2_legislature_2_segment_1_stats.json,True,True
wave_2,2,1,AB-B0,8,0.1,0.13,0.13,wave_2_legislature_2_segment_1_stats.json,True,True
wave_2,2,1,AB-X0,6,0.07,0.1,0.1,wave_2_legislature_2_segment_1_stats.json,True,True
wave_2,2,1,AB-XA,14,0.17,0.23,0.23,wave_2_legislature_2_segment_1_stats.json,True,True
wave_2,2,1,AB-XB,0,0.0,0.0,0.0,wave_2_legislature_2_segment_1_stats.json,True,True
wave_2,2,1,AB-A0,0,0.0,0.0,0.0,wave_2_legislature_2_segment_1_stats.json,False,True
wave_2,2,1,AB-BY,0,0.0,0.0,0.0,wave_2_legislature_2_segment_1_stats.json,True,True
wave_2,2,1,AB-XY,0,0.0,0.0,0.0,wave_2_legislature_2_segment_1_stats.json,True,True
wave_2,2,1,AB-AY,0,0.0,0.0,0.0,wave_2_legislature_2_segment_1_stats.json,False,True
wave_2,2,2,A0-XA,16,0.19,0.8,0.8,wave_2_legislature_2_segment_2_stats.json,True,False
wave_2,2,2,A0-X0,4,0.05,0.2,0.2,wave_2_legislature_2_segment_2_stats.json,True,False
wave_2,2,2,A0-XY,0,0.0,0.0,0.0,wave_2_legislature_2_segment_2_stats.json,True,False
wave_2,2,2,A0-AY,0,0.0,0.0,0.0,wave_2_legislature_2_segment_2_stats.json,False,False
wave_2,2,2,AB-BA,32,0.39,0.51,0.51,wave_2_legislature_2_segment_2_stats.json,True,True
wave_2,2,2,AB-B0,12,0.14,0.19,0.19,wave_2_legislature_2_segment_2_stats.json,True,True
wave_2,2,2,AB-X0,8,0.1,0.13,0.13,wave_2_legislature_2_segment_2_stats.json,True,True
wave_2,2,2,AB-XA,11,0.13,0.17,0.17,wave_2_legislature_2_segment_2_stats.json,True,True
wave_2,2,2,AB-XB,0,0.0,0.0,0.0,wave_2_legislature_2_segment_2_stats.json,True,True
wave_2,2,2,AB-A0,0,0.0,0.0,0.0,wave_2_legislature_2_segment_2_stats.json,False,True
wave_2,2,2,AB-BY,0,0.0,0.0,0.0,wave_2_legislature_2_segment_2_stats.json,True,True
wave_2,2,2,AB-XY,0,0.0,0.0,0.0,wave_2_legislature_2_segment_2_stats.json,True,True
wave_2,2,2,AB-AY,0,0.0,0.0,0.0,wave_2_legislature_2_segment_2_stats.json,False,True
wave_2,2,3,A0-XA,12,0.14,0.4,0.4,wave_2_legislature_2_segment_3_stats.json,True,False
wave_2,2,3,A0-X0,18,0.22,0.6,0.6,wave_2_legislature_2_segment_3_stats.json,True,False
wave_2,2,3,A0-XY,0,0.0,0.0,0.0,wave_2_legislature_2_segment_3_stats.json,True,False
wave_2,2,3,A0-AY,0,0.0,0.0,0.0,wave_2_legislature_2_segment_3_stats.json,False,False
wave_2,2,3,AB-BA,26,0.31,0.49,0.49,wave_2_legislature_2_segment_3_stats.json,True,True
wave_2,2,3,AB-B0,7,0.08,0.13,0.13,wave_2_legislature_2_segment_3_stats.json,True,True
wave_2,2,3,AB-X0,8,0.1,0.15,0.15,wave_2_legislature_2_segment_3_stats.json,True,True
wave_2,2,3,AB-XA,12,0.14,0.23,0.23,wave_2_legislature_2_segment_3_stats.json,True,True
wave_2,2,3,AB-XB,0,0.0,0.0,0.0,wave_2_legislature_2_segment_3_stats.json,True,True
wave_2,2,3,AB-A0,0,0.0,0.0,0.0,wave_2_legislature_2_segment_3_stats.json,False,True
wave_2,2,3,AB-BY,0,0.0,0.0,0.0,wave_2_legislature_2_segment_3_stats.json,True,True
wave_2,2,3,AB-XY,0,0.0,0.0,0.0,wave_2_legislature_2_segment_3_stats.json,True,True
wave_2,2,3,AB-AY,0,0.0,0.0,0.0,wave_2_legislature_2_segment_3_stats.json,False,True
wave_2,3,1,A0-XA,17,0.19,0.85,0.85,wave_2_legislature_3_segment_1_stats.json,True,False
wave_2,3,1,A0-X0,3,0.03,0.15,0.15,wave_2_legislature_3_segment_1_stats.json,True,False
wave_2,3,1,A0-XY,0,0.0,0.0,0.0,wave_2_legislature_3_segment_1_stats.json,True,False
wave_2,3,1,A0-AY,0,0.0,0.0,0.0,wave_2_legislature_3_segment_1_stats.json,False,False
wave_2,3,1,AB-BA,42,0.48,0.62,0.62,wave_2_legislature_3_segment_1_stats.json,True,True
wave_2,3,1,AB-B0,12,0.14,0.18,0.18,wave_2_legislature_3_segment_1_stats.json,True,True
wave_2,3,1,AB-X0,2,0.02,0.03,0.03,wave_2_legislature_3_segment_1_stats.json,True,True
wave_2,3,1,AB-XA,12,0.14,0.18,0.18,wave_2_legislature_3_segment_1_stats.json,True,True
wave_2,3,1,AB-XB,0,0.0,0.0,0.0,wave_2_legislature_3_segment_1_stats.json,True,True
wave_2,3,1,AB-A0,0,0.0,0.0,0.0,wave_2_legislature_3_segment_1_stats.json,False,True
wave_2,3,1,AB-BY,0,0.0,0.0,0.0,wave_2_legislature_3_segment_1_stats.json,True,True
wave_2,3,1,AB-XY,0,0.0,0.0,0.0,wave_2_legislature_3_segment_1_stats.json,True,True
wave_2,3,1,AB-AY,0,0.0,0.0,0.0,wave_2_legislature_3_segment_1_stats.json,False,True
wave_2,3,2,A0-XA,30,0.34,0.94,0.94,wave_2_legislature_3_segment_2_stats.json,True,False
wave_2,3,2,A0-X0,2,0.02,0.06,0.06,wave_2_legislature_3_segment_2_stats.json,True,False
wave_2,3,2,A0-XY,0,0.0,0.0,0.0,wave_2_legislature_3_segment_2_stats.json,True,False
wave_2,3,2,A0-AY,0,0.0,0.0,0.0,wave_2_legislature_3_segment_2_stats.json,False,False
wave_2,3,2,AB-BA,20,0.22,0.35,0.35,wave_2_legislature_3_segment_2_stats.json,True,True
wave_2,3,2,AB-B0,22,0.25,0.39,0.39,wave_2_legislature_3_segment_2_stats.json,True,True
wave_2,3,2,AB-X0,6,0.07,0.11,0.11,wave_2_legislature_3_segment_2_stats.json,True,True
wave_2,3,2,AB-XA,9,0.1,0.16,0.16,wave_2_legislature_3_segment_2_stats.json,True,True
wave_2,3,2,AB-XB,0,0.0,0.0,0.0,wave_2_legislature_3_segment_2_stats.json,True,True
wave_2,3,2,AB-A0,0,0.0,0.0,0.0,wave_2_legislature_3_segment_2_stats.json,False,True
wave_2,3,2,AB-BY,0,0.0,0.0,0.0,wave_2_legislature_3_segment_2_stats.json,True,True
wave_2,3,2,AB-XY,0,0.0,0.0,0.0,wave_2_legislature_3_segment_2_stats.json,True,True
wave_2,3,2,AB-AY,0,0.0,0.0,0.0,wave_2_legislature_3_segment_2_stats.json,False,True
wave_2,3,3,A0-XA,12,0.13,0.75,0.75,wave_2_legislature_3_segment_3_stats.json,True,False
wave_2,3,3,A0-X0,4,0.04,0.25,0.25,wave_2_legislature_3_segment_3_stats.json,True,False
wave_2,3,3,A0-XY,0,0.0,0.0,0.0,wave_2_legislature_3_segment_3_stats.json,True,False
wave_2,3,3,A0-AY,0,0.0,0.0,0.0,wave_2_legislature_3_segment_3_stats.json,False,False
wave_2,3,3,AB-BA,46,0.51,0.62,0.62,wave_2_legislature_3_segment_3_stats.json,True,True
wave_2,3,3,AB-B0,16,0.18,0.22,0.22,wave_2_legislature_3_segment_3_stats.json,True,True
wave_2,3,3,AB-X0,1,0.01,0.01,0.01,wave_2_legislature_3_segment_3_stats.json,True,True
wave_2,3,3,AB-XA,11,0.12,0.15,0.15,wave_2_legislature_3_segment_3_stats.json,True,True
wave_2,3,3,AB-XB,0,0.0,0.0,0.0,wave_2_legislature_3_segment_3_stats.json,True,True
wave_2,3,3,AB-A0,0,0.0,0.0,0.0,wave_2_legislature_3_segment_3_stats.json,False,True
wave_2,3,3,AB-BY,0,0.0,0.0,0.0,wave_2_legislature_3_segment_3_stats.json,True,True
wave_2,3,3,AB-XY,0,0.0,0.0,0.0,wave_2_legislature_3_segment_3_stats.json,True,True
wave_2,3,3,AB-AY,0,0.0,0.0,0.0,wave_2_legislature_3_segment_3_stats.json,False,True
wave_2,4,1,A0-XA,12,0.18,0.57,0.57,wave_2_legislature_4_segment_1_stats.json,True,False
wave_2,4,1,A0-X0,9,0.14,0.43,0.43,wave_2_legislature_4_segment_1_stats.json,True,False
wave_2,4,1,A0-XY,0,0.0,0.0,0.0,wave_2_legislature_4_segment_1_stats.json,True,False
wave_2,4,1,A0-AY,0,0.0,0.0,0.0,wave_2_legislature_4_segment_1_stats.json,False,False
wave_2,4,1,AB-BA,28,0.42,0.62,0.62,wave_2_legislature_4_segment_1_stats.json,True,True
wave_2,4,1,AB-B0,6,0.09,0.13,0.13,wave_2_legislature_4_segment_1_stats.json,True,True
wave_2,4,1,AB-X0,2,0.03,0.04,0.04,wave_2_legislature_4_segment_1_stats.json,True,True
wave_2,4,1,AB-XA,9,0.14,0.2,0.2,wave_2_legislature_4_segment_1_stats.json,True,True
wave_2,4,1,AB-XB,0,0.0,0.0,0.0,wave_2_legislature_4_segment_1_stats.json,True,True
wave_2,4,1,AB-A0,0,0.0,0.0,0.0,wave_2_legislature_4_segment_1_stats.json,False,True
wave_2,4,1,AB-BY,0,0.0,0.0,0.0,wave_2_legislature_4_segment_1_stats.json,True,True
wave_2,4,1,AB-XY,0,0.0,0.0,0.0,wave_2_legislature_4_segment_1_stats.json,True,True
wave_2,4,1,AB-AY,0,0.0,0.0,0.0,wave_2_legislature_4_segment_1_stats.json,False,True
wave_2,4,2,A0-XA,26,0.38,0.93,0.93,wave_2_legislature_4_segment_2_stats.json,True,False
wave_2,4,2,A0-X0,2,0.03,0.07,0.07,wave_2_legislature_4_segment_2_stats.json,True,False
wave_2,4,2,A0-XY,0,0.0,0.0,0.0,wave_2_legislature_4_segment_2_stats.json,True,False
wave_2,4,2,A0-AY,0,0.0,0.0,0.0,wave_2_legislature_4_segment_2_stats.json,False,False
wave_2,4,2,AB-BA,10,0.15,0.25,0.26,wave_2_legislature_4_segment_2_stats.json,True,True
wave_2,4,2,AB-B0,14,0.21,0.35,0.36,wave_2_legislature_4_segment_2_stats.json,True,True
wave_2,4,2,AB-X0,3,0.04,0.07,0.08,wave_2_legislature_4_segment_2_stats.json,True,True
wave_2,4,2,AB-XA,12,0.18,0.3,0.31,wave_2_legislature_4_segment_2_stats.json,True,True
wave_2,4,2,AB-XB,0,0.0,0.0,0.0,wave_2_legislature_4_segment_2_stats.json,True,True
wave_2,4,2,AB-A0,1,0.01,0.03,0.0,wave_2_legislature_4_segment_2_stats.json,False,True
wave_2,4,2,AB-BY,0,0.0,0.0,0.0,wave_2_legislature_4_segment_2_stats.json,True,True
wave_2,4,2,AB-XY,0,0.0,0.0,0.0,wave_2_legislature_4_segment_2_stats.json,True,True
wave_2,4,2,AB-AY,0,0.0,0.0,0.0,wave_2_legislature_4_segment_2_stats.json,False,True
wave_2,4,3,A0-XA,11,0.16,0.31,0.31,wave_2_legislature_4_segment_3_stats.json,True,False
wave_2,4,3,A0-X0,25,0.37,0.69,0.69,wave_2_legislature_4_segment_3_stats.json,True,False
wave_2,4,3,A0-XY,0,0.0,0.0,0.0,wave_2_legislature_4_segment_3_stats.json,True,False
wave_2,4,3,A0-AY,0,0.0,0.0,0.0,wave_2_legislature_4_segment_3_stats.json,False,False
wave_2,4,3,AB-BA,14,0.21,0.44,0.44,wave_2_legislature_4_segment_3_stats.json,True,True
wave_2,4,3,AB-B0,9,0.13,0.28,0.28,wave_2_legislature_4_segment_3_stats.json,True,True
wave_2,4,3,AB-X0,1,0.01,0.03,0.03,wave_2_legislature_4_segment_3_stats.json,True,True
wave_2,4,3,AB-XA,8,0.12,0.25,0.25,wave_2_legislature_4_segment_3_stats.json,True,True
wave_2,4,3,AB-XB,0,0.0,0.0,0.0,wave_2_legislature_4_segment_3_stats.json,True,True
wave_2,4,3,AB-A0,0,0.0,0.0,0.0,wave_2_legislature_4_segment_3_stats.json,False,True
wave_2,4,3,AB-BY,0,0.0,0.0,0.0,wave_2_legislature_4_segment_3_stats.json,True,True
wave_2,4,3,AB-XY,0,0.0,0.0,0.0,wave_2_legislature_4_segment_3_stats.json,True,True
wave_2,4,3,AB-AY,0,0.0,0.0,0.0,wave_2_legislature_4_segment_3_stats.json,False,True
wave_2,5,1,A0-XA,14,0.18,0.47,0.47,wave_2_legislature_5_segment_1_stats.json,True,False
wave_2,5,1,A0-X0,16,0.21,0.53,0.53,wave_2_legislature_5_segment_1_stats.json,True,False
wave_2,5,1,A0-XY,0,0.0,0.0,0.0,wave_2_legislature_5_segment_1_stats.json,True,False
wave_2,5,1,A0-AY,0,0.0,0.0,0.0,wave_2_legislature_5_segment_1_stats.json,False,False
wave_2,5,1,AB-BA,22,0.29,0.48,0.48,wave_2_legislature_5_segment_1_stats.json,True,True
wave_2,5,1,AB-B0,2,0.03,0.04,0.04,wave_2_legislature_5_segment_1_stats.json,True,True
wave_2,5,1,AB-X0,14,0.18,0.3,0.3,wave_2_legislature_5_segment_1_stats.json,True,True
wave_2,5,1,AB-XA,8,0.11,0.17,0.17,wave_2_legislature_5_segment_1_stats.json,True,True
wave_2,5,1,AB-XB,0,0.0,0.0,0.0,wave_2_legislature_5_segment_1_stats.json,True,True
wave_2,5,1,AB-A0,0,0.0,0.0,0.0,wave_2_legislature_5_segment_1_stats.json,False,True
wave_2,5,1,AB-BY,0,0.0,0.0,0.0,wave_2_legislature_5_segment_1_stats.json,True,True
wave_2,5,1,AB-XY,0,0.0,0.0,0.0,wave_2_legislature_5_segment_1_stats.json,True,True
wave_2,5,1,AB-AY,0,0.0,0.0,0.0,wave_2_legislature_5_segment_1_stats.json,False,True
wave_2,5,2,A0-XA,23,0.3,0.85,0.85,wave_2_legislature_5_segment_2_stats.json,True,False
wave_2,5,2,A0-X0,4,0.05,0.15,0.15,wave_2_legislature_5_segment_2_stats.json,True,False
wave_2,5,2,A0-XY,0,0.0,0.0,0.0,wave_2_legislature_5_segment_2_stats.json,True,False
wave_2,5,2,A0-AY,0,0.0,0.0,0.0,wave_2_legislature_5_segment_2_stats.json,False,False
wave_2,5,2,AB-BA,18,0.23,0.36,0.36,wave_2_legislature_5_segment_2_stats.json,True,True
wave_2,5,2,AB-B0,18,0.23,0.36,0.36,wave_2_legislature_5_segment_2_stats.json,True,True
wave_2,5,2,AB-X0,4,0.05,0.08,0.08,wave_2_legislature_5_segment_2_stats.json,True,True
wave_2,5,2,AB-XA,10,0.13,0.2,0.2,wave_2_legislature_5_segment_2_stats.json,True,True
wave_2,5,2,AB-XB,0,0.0,0.0,0.0,wave_2_legislature_5_segment_2_stats.json,True,True
wave_2,5,2,AB-A0,0,0.0,0.0,0.0,wave_2_legislature_5_segment_2_stats.json,False,True
wave_2,5,2,AB-BY,0,0.0,0.0,0.0,wave_2_legislature_5_segment_2_stats.json,True,True
wave_2,5,2,AB-XY,0,0.0,0.0,0.0,wave_2_legislature_5_segment_2_stats.json,True,True
wave_2,5,2,AB-AY,0,0.0,0.0,0.0,wave_2_legislature_5_segment_2_stats.json,False,True
wave_2,5,3,A0-XA,19,0.25,0.59,0.59,wave_2_legislature_5_segment_3_stats.json,True,False
wave_2,5,3,A0-X0,13,0.17,0.41,0.41,wave_2_legislature_5_segment_3_stats.json,True,False
wave_2,5,3,A0-XY,0,0.0,0.0,0.0,wave_2_legislature_5_segment_3_stats.json,True,False
wave_2,5,3,A0-AY,0,0.0,0.0,0.0,wave_2_legislature_5_segment_3_stats.json,False,False
wave_2,5,3,AB-BA,21,0.27,0.47,0.47,wave_2_legislature_5_segment_3_stats.json,True,True
wave_2,5,3,AB-B0,13,0.17,0.29,0.29,wave_2_legislature_5_segment_3_stats.json,True,True
wave_2,5,3,AB-X0,6,0.08,0.13,0.13,wave_2_legislature_5_segment_3_stats.json,True,True
wave_2,5,3,AB-XA,5,0.06,0.11,0.11,wave_2_legislature_5_segment_3_stats.json,True,True
wave_2,5,3,AB-XB,0,0.0,0.0,0.0,wave_2_legislature_5_segment_3_stats.json,True,True
wave_2,5,3,AB-A0,0,0.0,0.0,0.0,wave_2_legislature_5_segment_3_stats.json,False,True
wave_2,5,3,AB-BY,0,0.0,0.0,0.0,wave_2_legislature_5_segment_3_stats.json,True,True
wave_2,5,3,AB-XY,0,0.0,0.0,0.0,wave_2_legislature_5_segment_3_stats.json,True,True
wave_2,5,3,AB-AY,0,0.0,0.0,0.0,wave_2_legislature_5_segment_3_stats.json,False,True
wave_2,6,1,A0-XA,25,0.35,0.66,0.66,wave_2_legislature_6_segment_1_stats.json,True,False
wave_2,6,1,A0-X0,13,0.18,0.34,0.34,wave_2_legislature_6_segment_1_stats.json,True,False
wave_2,6,1,A0-XY,0,0.0,0.0,0.0,wave_2_legislature_6_segment_1_stats.json,True,False
wave_2,6,1,A0-AY,0,0.0,0.0,0.0,wave_2_legislature_6_segment_1_stats.json,False,False
wave_2,6,1,AB-BA,9,0.13,0.27,0.27,wave_2_legislature_6_segment_1_stats.json,True,True
wave_2,6,1,AB-B0,15,0.21,0.45,0.45,wave_2_legislature_6_segment_1_stats.json,True,True
wave_2,6,1,AB-X0,5,0.07,0.15,0.15,wave_2_legislature_6_segment_1_stats.json,True,True
wave_2,6,1,AB-XA,4,0.06,0.12,0.12,wave_2_legislature_6_segment_1_stats.json,True,True
wave_2,6,1,AB-XB,0,0.0,0.0,0.0,wave_2_legislature_6_segment_1_stats.json,True,True
wave_2,6,1,AB-A0,0,0.0,0.0,0.0,wave_2_legislature_6_segment_1_stats.json,False,True
wave_2,6,1,AB-BY,0,0.0,0.0,0.0,wave_2_legislature_6_segment_1_stats.json,True,True
wave_2,6,1,AB-XY,0,0.0,0.0,0.0,wave_2_legislature_6_segment_1_stats.json,True,True
wave_2,6,1,AB-AY,0,0.0,0.0,0.0,wave_2_legislature_6_segment_1_stats.json,False,True
wave_2,6,2,A0-XA,17,0.23,0.65,0.65,wave_2_legislature_6_segment_2_stats.json,True,False
wave_2,6,2,A0-X0,9,0.12,0.35,0.35,wave_2_legislature_6_segment_2_stats.json,True,False
wave_2,6,2,A0-XY,0,0.0,0.0,0.0,wave_2_legislature_6_segment_2_stats.json,True,False
wave_2,6,2,A0-AY,0,0.0,0.0,0.0,wave_2_legislature_6_segment_2_stats.json,False,False
wave_2,6,2,AB-BA,19,0.26,0.4,0.4,wave_2_legislature_6_segment_2_stats.json,True,True
wave_2,6,2,AB-B0,5,0.07,0.11,0.11,wave_2_legislature_6_segment_2_stats.json,True,True
wave_2,6,2,AB-X0,7,0.1,0.15,0.15,wave_2_legislature_6_segment_2_stats.json,True,True
wave_2,6,2,AB-XA,16,0.22,0.34,0.34,wave_2_legislature_6_segment_2_stats.json,True,True
wave_2,6,2,AB-XB,0,0.0,0.0,0.0,wave_2_legislature_6_segment_2_stats.json,True,True
wave_2,6,2,AB-A0,0,0.0,0.0,0.0,wave_2_legislature_6_segment_2_stats.json,False,True
wave_2,6,2,AB-BY,0,0.0,0.0,0.0,wave_2_legislature_6_segment_2_stats.json,True,True
wave_2,6,2,AB-XY,0,0.0,0.0,0.0,wave_2_legislature_6_segment_2_stats.json,True,True
wave_2,6,2,AB-AY,0,0.0,0.0,0.0,wave_2_legislature_6_segment_2_stats.json,False,True
wave_2,6,3,A0-XA,12,0.16,0.5,0.5,wave_2_legislature_6_segment_3_stats.json,True,False
wave_2,6,3,A0-X0,12,0.16,0.5,0.5,wave_2_legislature_6_segment_3_stats.json,True,False
wave_2,6,3,A0-XY,0,0.0,0.0,0.0,wave_2_legislature_6_segment_3_stats.json,True,False
wave_2,6,3,A0-AY,0,0.0,0.0,0.0,wave_2_legislature_6_segment_3_stats.json,False,False
wave_2,6,3,AB-BA,23,0.32,0.47,0.47,wave_2_legislature_6_segment_3_stats.json,True,True
wave_2,6,3,AB-B0,7,0.1,0.14,0.14,wave_2_legislature_6_segment_3_stats.json,True,True
wave_2,6,3,AB-X0,3,0.04,0.06,0.06,wave_2_legislature_6_segment_3_stats.json,True,True
wave_2,6,3,AB-XA,16,0.22,0.33,0.33,wave_2_legislature_6_segment_3_stats.json,True,True
wave_2,6,3,AB-XB,0,0.0,0.0,0.0,wave_2_legislature_6_segment_3_stats.json,True,True
wave_2,6,3,AB-A0,0,0.0,0.0,0.0,wave_2_legislature_6_segment_3_stats.json,False,True
wave_2,6,3,AB-BY,0,0.0,0.0,0.0,wave_2_legislature_6_segment_3_stats.json,True,True
wave_2,6,3,AB-XY,0,0.0,0.0,0.0,wave_2_legislature_6_segment_3_stats.json,True,True
wave_2,6,3,AB-AY,0,0.0,0.0,0.0,wave_2_legislature_6_segment_3_stats.json,False,True
wave_2,7,1,A0-XA,17,0.18,0.41,0.41,wave_2_legislature_7_segment_1_stats.json,True,False
wave_2,7,1,A0-X0,24,0.26,0.59,0.59,wave_2_legislature_7_segment_1_stats.json,True,False
wave_2,7,1,A0-XY,0,0.0,0.0,0.0,wave_2_legislature_7_segment_1_stats.json,True,False
wave_2,7,1,A0-AY,0,0.0,0.0,0.0,wave_2_legislature_7_segment_1_stats.json,False,False
wave_2,7,1,AB-BA,21,0.23,0.4,0.4,wave_2_legislature_7_segment_1_stats.json,True,True
wave_2,7,1,AB-B0,10,0.11,0.19,0.19,wave_2_legislature_7_segment_1_stats.json,True,True
wave_2,7,1,AB-X0,4,0.04,0.08,0.08,wave_2_legislature_7_segment_1_stats.json,True,True
wave_2,7,1,AB-XA,17,0.18,0.33,0.33,wave_2_legislature_7_segment_1_stats.json,True,True
wave_2,7,1,AB-XB,0,0.0,0.0,0.0,wave_2_legislature_7_segment_1_stats.json,True,True
wave_2,7,1,AB-A0,0,0.0,0.0,0.0,wave_2_legislature_7_segment_1_stats.json,False,True
wave_2,7,1,AB-BY,0,0.0,0.0,0.0,wave_2_legislature_7_segment_1_stats.json,True,True
wave_2,7,1,AB-XY,0,0.0,0.0,0.0,wave_2_legislature_7_segment_1_stats.json,True,True
wave_2,7,1,AB-AY,0,0.0,0.0,0.0,wave_2_legislature_7_segment_1_stats.json,False,True
wave_2,7,2,A0-XA,24,0.26,0.57,0.57,wave_2_legislature_7_segment_2_stats.json,True,False
wave_2,7,2,A0-X0,18,0.19,0.43,0.43,wave_2_legislature_7_segment_2_stats.json,True,False
wave_2,7,2,A0-XY,0,0.0,0.0,0.0,wave_2_legislature_7_segment_2_stats.json,True,False
wave_2,7,2,A0-AY,0,0.0,0.0,0.0,wave_2_legislature_7_segment_2_stats.json,False,False
wave_2,7,2,AB-BA,12,0.13,0.23,0.23,wave_2_legislature_7_segment_2_stats.json,True,True
wave_2,7,2,AB-B0,17,0.18,0.33,0.33,wave_2_legislature_7_segment_2_stats.json,True,True
wave_2,7,2,AB-X0,13,0.14,0.25,0.25,wave_2_legislature_7_segment_2_stats.json,True,True
wave_2,7,2,AB-XA,10,0.11,0.19,0.19,wave_2_legislature_7_segment_2_stats.json,True,True
wave_2,7,2,AB-XB,0,0.0,0.0,0.0,wave_2_legislature_7_segment_2_stats.json,True,True
wave_2,7,2,AB-A0,0,0.0,0.0,0.0,wave_2_legislature_7_segment_2_stats.json,False,True
wave_2,7,2,AB-BY,0,0.0,0.0,0.0,wave_2_legislature_7_segment_2_stats.json,True,True
wave_2,7,2,AB-XY,0,0.0,0.0,0.0,wave_2_legislature_7_segment_2_stats.json,True,True
wave_2,7,2,AB-AY,0,0.0,0.0,0.0,wave_2_legislature_7_segment_2_stats.json,False,True
wave_2,7,3,A0-XA,25,0.27,0.58,0.58,wave_2_legislature_7_segment_3_stats.json,True,False
wave_2,7,3,A0-X0,18,0.19,0.42,0.42,wave_2_legislature_7_segment_3_stats.json,True,False
wave_2,7,3,A0-XY,0,0.0,0.0,0.0,wave_2_legislature_7_segment_3_stats.json,True,False
wave_2,7,3,A0-AY,0,0.0,0.0,0.0,wave_2_legislature_7_segment_3_stats.json,False,False
wave_2,7,3,AB-BA,22,0.23,0.43,0.43,wave_2_legislature_7_segment_3_stats.json,True,True
wave_2,7,3,AB-B0,14,0.15,0.27,0.27,wave_2_legislature_7_segment_3_stats.json,True,True
wave_2,7,3,AB-X0,9,0.1,0.18,0.18,wave_2_legislature_7_segment_3_stats.json,True,True
wave_2,7,3,AB-XA,6,0.06,0.12,0.12,wave_2_legislature_7_segment_3_stats.json,True,True
wave_2,7,3,AB-XB,0,0.0,0.0,0.0,wave_2_legislature_7_segment_3_stats.json,True,True
wave_2,7,3,AB-A0,0,0.0,0.0,0.0,wave_2_legislature_7_segment_3_stats.json,False,True
wave_2,7,3,AB-BY,0,0.0,0.0,0.0,wave_2_legislature_7_segment_3_stats.json,True,True
wave_2,7,3,AB-XY,0,0.0,0.0,0.0,wave_2_legislature_7_segment_3_stats.json,True,True
wave_2,7,3,AB-AY,0,0.0,0.0,0.0,wave_2_legislature_7_segment_3_stats.json,False,True
wave_2,8,1,A0-XA,15,0.15,0.68,0.68,wave_2_legislature_8_segment_1_stats.json,True,False
wave_2,8,1,A0-X0,7,0.07,0.32,0.32,wave_2_legislature_8_segment_1_stats.json,True,False
wave_2,8,1,A0-XY,0,0.0,0.0,0.0,wave_2_legislature_8_segment_1_stats.json,True,False
wave_2,8,1,A0-AY,0,0.0,0.0,0.0,wave_2_legislature_8_segment_1_stats.json,False,False
wave_2,8,1,AB-BA,25,0.24,0.31,0.31,wave_2_legislature_8_segment_1_stats.json,True,True
wave_2,8,1,AB-B0,10,0.1,0.12,0.12,wave_2_legislature_8_segment_1_stats.json,True,True
wave_2,8,1,AB-X0,12,0.12,0.15,0.15,wave_2_legislature_8_segment_1_stats.json,True,True
wave_2,8,1,AB-XA,34,0.33,0.42,0.42,wave_2_legislature_8_segment_1_stats.json,True,True
wave_2,8,1,AB-XB,0,0.0,0.0,0.0,wave_2_legislature_8_segment_1_stats.json,True,True
wave_2,8,1,AB-A0,0,0.0,0.0,0.0,wave_2_legislature_8_segment_1_stats.json,False,True
wave_2,8,1,AB-BY,0,0.0,0.0,0.0,wave_2_legislature_8_segment_1_stats.json,True,True
wave_2,8,1,AB-XY,0,0.0,0.0,0.0,wave_2_legislature_8_segment_1_stats.json,True,True
wave_2,8,1,AB-AY,0,0.0,0.0,0.0,wave_2_legislature_8_segment_1_stats.json,False,True
wave_2,8,2,A0-XA,32,0.31,0.89,0.89,wave_2_legislature_8_segment_2_stats.json,True,False
wave_2,8,2,A0-X0,4,0.04,0.11,0.11,wave_2_legislature_8_segment_2_stats.json,True,False
wave_2,8,2,A0-XY,0,0.0,0.0,0.0,wave_2_legislature_8_segment_2_stats.json,True,False
wave_2,8,2,A0-AY,0,0.0,0.0,0.0,wave_2_legislature_8_segment_2_stats.json,False,False
wave_2,8,2,AB-BA,15,0.14,0.22,0.22,wave_2_legislature_8_segment_2_stats.json,True,True
wave_2,8,2,AB-B0,25,0.24,0.37,0.37,wave_2_legislature_8_segment_2_stats.json,True,True
wave_2,8,2,AB-X0,6,0.06,0.09,0.09,wave_2_legislature_8_segment_2_stats.json,True,True
wave_2,8,2,AB-XA,22,0.21,0.32,0.32,wave_2_legislature_8_segment_2_stats.json,True,True
wave_2,8,2,AB-XB,0,0.0,0.0,0.0,wave_2_legislature_8_segment_2_stats.json,True,True
wave_2,8,2,AB-A0,0,0.0,0.0,0.0,wave_2_legislature_8_segment_2_stats.json,False,True
wave_2,8,2,AB-BY,0,0.0,0.0,0.0,wave_2_legislature_8_segment_2_stats.json,True,True
wave_2,8,2,AB-XY,0,0.0,0.0,0.0,wave_2_legislature_8_segment_2_stats.json,True,True
wave_2,8,2,AB-AY,0,0.0,0.0,0.0,wave_2_legislature_8_segment_2_stats.json,False,True
wave_2,8,3,A0-XA,19,0.18,0.41,0.41,wave_2_legislature_8_segment_3_stats.json,True,False
wave_2,8,3,A0-X0,27,0.26,0.59,0.59,wave_2_legislature_8_segment_3_stats.json,True,False
wave_2,8,3,A0-XY,0,0.0,0.0,0.0,wave_2_legislature_8_segment_3_stats.json,True,False
wave_2,8,3,A0-AY,0,0.0,0.0,0.0,wave_2_legislature_8_segment_3_stats.json,False,False
wave_2,8,3,AB-BA,17,0.16,0.29,0.29,wave_2_legislature_8_segment_3_stats.json,True,True
wave_2,8,3,AB-B0,12,0.11,0.2,0.2,wave_2_legislature_8_segment_3_stats.json,True,True
wave_2,8,3,AB-X0,15,0.14,0.25,0.25,wave_2_legislature_8_segment_3_stats.json,True,True
wave_2,8,3,AB-XA,15,0.14,0.25,0.25,wave_2_legislature_8_segment_3_stats.json,True,True
wave_2,8,3,AB-XB,0,0.0,0.0,0.0,wave_2_legislature_8_segment_3_stats.json,True,True
wave_2,8,3,AB-A0,0,0.0,0.0,0.0,wave_2_legislature_8_segment_3_stats.json,False,True
wave_2,8,3,AB-BY,0,0.0,0.0,0.0,wave_2_legislature_8_segment_3_stats.json,True,True
wave_2,8,3,AB-XY,0,0.0,0.0,0.0,wave_2_legislature_8_segment_3_stats.json,True,True
wave_2,8,3,AB-AY,0,0.0,0.0,0.0,wave_2_legislature_8_segment_3_stats.json,False,True
wave_2,9,1,A0-XA,31,0.25,0.76,0.76,wave_2_legislature_9_segment_1_stats.json,True,False
wave_2,9,1,A0-X0,10,0.08,0.24,0.24,wave_2_legislature_9_segment_1_stats.json,True,False
wave_2,9,1,A0-XY,0,0.0,0.0,0.0,wave_2_legislature_9_segment_1_stats.json,True,False
wave_2,9,1,A0-AY,0,0.0,0.0,0.0,wave_2_legislature_9_segment_1_stats.json,False,False
wave_2,9,1,AB-BA,19,0.15,0.23,0.23,wave_2_legislature_9_segment_1_stats.json,True,True
wave_2,9,1,AB-B0,17,0.14,0.2,0.2,wave_2_legislature_9_segment_1_stats.json,True,True
wave_2,9,1,AB-X0,11,0.09,0.13,0.13,wave_2_legislature_9_segment_1_stats.json,True,True
wave_2,9,1,AB-XA,37,0.3,0.44,0.44,wave_2_legislature_9_segment_1_stats.json,True,True
wave_2,9,1,AB-XB,0,0.0,0.0,0.0,wave_2_legislature_9_segment_1_stats.json,True,True
wave_2,9,1,AB-A0,0,0.0,0.0,0.0,wave_2_legislature_9_segment_1_stats.json,False,True
wave_2,9,1,AB-BY,0,0.0,0.0,0.0,wave_2_legislature_9_segment_1_stats.json,True,True
wave_2,9,1,AB-XY,0,0.0,0.0,0.0,wave_2_legislature_9_segment_1_stats.json,True,True
wave_2,9,1,AB-AY,0,0.0,0.0,0.0,wave_2_legislature_9_segment_1_stats.json,False,True
wave_2,9,2,A0-XA,26,0.2,0.84,0.84,wave_2_legislature_9_segment_2_stats.json,True,False
wave_2,9,2,A0-X0,5,0.04,0.16,0.16,wave_2_legislature_9_segment_2_stats.json,True,False
wave_2,9,2,A0-XY,0,0.0,0.0,0.0,wave_2_legislature_9_segment_2_stats.json,True,False
wave_2,9,2,A0-AY,0,0.0,0.0,0.0,wave_2_legislature_9_segment_2_stats.json,False,False
wave_2,9,2,AB-BA,27,0.21,0.28,0.28,wave_2_legislature_9_segment_2_stats.json,True,True
wave_2,9,2,AB-B0,16,0.13,0.17,0.17,wave_2_legislature_9_segment_2_stats.json,True,True
wave_2,9,2,AB-X0,7,0.06,0.07,0.07,wave_2_legislature_9_segment_2_stats.json,True,True
wave_2,9,2,AB-XA,46,0.36,0.48,0.48,wave_2_legislature_9_segment_2_stats.json,True,True
wave_2,9,2,AB-XB,0,0.0,0.0,0.0,wave_2_legislature_9_segment_2_stats.json,True,True
wave_2,9,2,AB-A0,0,0.0,0.0,0.0,wave_2_legislature_9_segment_2_stats.json,False,True
wave_2,9,2,AB-BY,0,0.0,0.0,0.0,wave_2_legislature_9_segment_2_stats.json,True,True
wave_2,9,2,AB-XY,0,0.0,0.0,0.0,wave_2_legislature_9_segment_2_stats.json,True,True
wave_2,9,2,AB-AY,0,0.0,0.0,0.0,wave_2_legislature_9_segment_2_stats.json,False,True
wave_2,9,3,A0-XA,39,0.31,0.67,0.67,wave_2_legislature_9_segment_3_stats.json,True,False
wave_2,9,3,A0-X0,19,0.15,0.33,0.33,wave_2_legislature_9_segment_3_stats.json,True,False
wave_2,9,3,A0-XY,0,0.0,0.0,0.0,wave_2_legislature_9_segment_3_stats.json,True,False
wave_2,9,3,A0-AY,0,0.0,0.0,0.0,wave_2_legislature_9_segment_3_stats.json,False,False
wave_2,9,3,AB-BA,17,0.13,0.25,0.25,wave_2_legislature_9_segment_3_stats.json,True,True
wave_2,9,3,AB-B0,29,0.23,0.42,0.42,wave_2_legislature_9_segment_3_stats.json,True,True
wave_2,9,3,AB-X0,9,0.07,0.13,0.13,wave_2_legislature_9_segment_3_stats.json,True,True
wave_2,9,3,AB-XA,14,0.11,0.2,0.2,wave_2_legislature_9_segment_3_stats.json,True,True
wave_2,9,3,AB-XB,0,0.0,0.0,0.0,wave_2_legislature_9_segment_3_stats.json,True,True
wave_2,9,3,AB-A0,0,0.0,0.0,0.0,wave_2_legislature_9_segment_3_stats.json,False,True
wave_2,9,3,AB-BY,0,0.0,0.0,0.0,wave_2_legislature_9_segment_3_stats.json,True,True
wave_2,9,3,AB-XY,0,0.0,0.0,0.0,wave_2_legislature_9_segment_3_stats.json,True,True
wave_2,9,3,AB-AY,0,0.0,0.0,0.0,wave_2_legislature_9_segment_3_stats.json,False,True
wave_2,10,1,A0-XA,7,0.07,0.37,0.37,wave_2_legislature_10_segment_1_stats.json,True,False
wave_2,10,1,A0-X0,12,0.12,0.63,0.63,wave_2_legislature_10_segment_1_stats.json,True,False
wave_2,10,1,A0-XY,0,0.0,0.0,0.0,wave_2_legislature_10_segment_1_stats.json,True,False
wave_2,10,1,A0-AY,0,0.0,0.0,0.0,wave_2_legislature_10_segment_1_stats.json,False,False
wave_2,10,1,AB-BA,12,0.12,0.14,0.14,wave_2_legislature_10_segment_1_stats.json,True,True
wave_2,10,1,AB-B0,6,0.06,0.07,0.07,wave_2_legislature_10_segment_1_stats.json,True,True
wave_2,10,1,AB-X0,19,0.19,0.23,0.23,wave_2_legislature_10_segment_1_stats.json,True,True
wave_2,10,1,AB-XA,46,0.45,0.55,0.55,wave_2_legislature_10_segment_1_stats.json,True,True
wave_2,10,1,AB-XB,0,0.0,0.0,0.0,wave_2_legislature_10_segment_1_stats.json,True,True
wave_2,10,1,AB-A0,0,0.0,0.0,0.0,wave_2_legislature_10_segment_1_stats.json,False,True
wave_2,10,1,AB-BY,0,0.0,0.0,0.0,wave_2_legislature_10_segment_1_stats.json,True,True
wave_2,10,1,AB-XY,0,0.0,0.0,0.0,wave_2_legislature_10_segment_1_stats.json,True,True
wave_2,10,1,AB-AY,0,0.0,0.0,0.0,wave_2_legislature_10_segment_1_stats.json,False,True
wave_2,10,2,A0-XA,6,0.06,0.67,0.67,wave_2_legislature_10_segment_2_stats.json,True,False
wave_2,10,2,A0-X0,3,0.03,0.33,0.33,wave_2_legislature_10_segment_2_stats.json,True,False
wave_2,10,2,A0-XY,0,0.0,0.0,0.0,wave_2_legislature_10_segment_2_stats.json,True,False
wave_2,10,2,A0-AY,0,0.0,0.0,0.0,wave_2_legislature_10_segment_2_stats.json,False,False
wave_2,10,2,AB-BA,21,0.2,0.22,0.22,wave_2_legislature_10_segment_2_stats.json,True,True
wave_2,10,2,AB-B0,10,0.1,0.11,0.11,wave_2_legislature_10_segment_2_stats.json,True,True
wave_2,10,2,AB-X0,8,0.08,0.09,0.09,wave_2_legislature_10_segment_2_stats.json,True,True
wave_2,10,2,AB-XA,55,0.53,0.59,0.59,wave_2_legislature_10_segment_2_stats.json,True,True
wave_2,10,2,AB-XB,0,0.0,0.0,0.0,wave_2_legislature_10_segment_2_stats.json,True,True
wave_2,10,2,AB-A0,0,0.0,0.0,0.0,wave_2_legislature_10_segment_2_stats.json,False,True
wave_2,10,2,AB-BY,0,0.0,0.0,0.0,wave_2_legislature_10_segment_2_stats.json,True,True
wave_2,10,2,AB-XY,0,0.0,0.0,0.0,wave_2_legislature_10_segment_2_stats.json,True,True
wave_2,10,2,AB-AY,0,0.0,0.0,0.0,wave_2_legislature_10_segment_2_stats.json,False,True
wave_2,10,3,A0-XA,8,0.08,0.62,0.62,wave_2_legislature_10_segment_3_stats.json,True,False
wave_2,10,3,A0-X0,5,0.05,0.38,0.38,wave_2_legislature_10_segment_3_stats.json,True,False
wave_2,10,3,A0-XY,0,0.0,0.0,0.0,wave_2_legislature_10_segment_3_stats.json,True,False
wave_2,10,3,A0-AY,0,0.0,0.0,0.0,wave_2_legislature_10_segment_3_stats.json,False,False
wave_2,10,3,AB-BA,25,0.24,0.28,0.28,wave_2_legislature_10_segment_3_stats.json,True,True
wave_2,10,3,AB-B0,5,0.05,0.06,0.06,wave_2_legislature_10_segment_3_stats.json,True,True
wave_2,10,3,AB-X0,15,0.15,0.17,0.17,wave_2_legislature_10_segment_3_stats.json,True,True
wave_2,10,3,AB-XA,45,0.44,0.5,0.5,wave_2_legislature_10_segment_3_stats.json,True,True
wave_2,10,3,AB-XB,0,0.0,0.0,0.0,wave_2_legislature_10_segment_3_stats.json,True,True
wave_2,10,3,AB-A0,0,0.0,0.0,0.0,wave_2_legislature_10_segment_3_stats.json,False,True
wave_2,10,3,AB-BY,0,0.0,0.0,0.0,wave_2_legislature_10_segment_3_stats.json,True,True
wave_2,10,3,AB-XY,0,0.0,0.0,0.0,wave_2_legislature_10_segment_3_stats.json,True,True
wave_2,10,3,AB-AY,0,0.0,0.0,0.0,wave_2_legislature_10_segment_3_stats.json,False,True
wave_2,11,1,A0-XA,34,0.37,0.6,0.6,wave_2_legislature_11_segment_1_stats.json,True,False
wave_2,11,1,A0-X0,23,0.25,0.4,0.4,wave_2_legislature_11_segment_1_stats.json,True,False
wave_2,11,1,A0-XY,0,0.0,0.0,0.0,wave_2_legislature_11_segment_1_stats.json,True,False
wave_2,11,1,A0-AY,0,0.0,0.0,0.0,wave_2_legislature_11_segment_1_stats.json,False,False
wave_2,11,1,AB-BA,2,0.02,0.06,0.06,wave_2_legislature_11_segment_1_stats.json,True,True
wave_2,11,1,AB-B0,30,0.33,0.88,0.88,wave_2_legislature_11_segment_1_stats.json,True,True
wave_2,11,1,AB-X0,1,0.01,0.03,0.03,wave_2_legislature_11_segment_1_stats.json,True,True
wave_2,11,1,AB-XA,1,0.01,0.03,0.03,wave_2_legislature_11_segment_1_stats.json,True,True
wave_2,11,1,AB-XB,0,0.0,0.0,0.0,wave_2_legislature_11_segment_1_stats.json,True,True
wave_2,11,1,AB-A0,0,0.0,0.0,0.0,wave_2_legislature_11_segment_1_stats.json,False,True
wave_2,11,1,AB-BY,0,0.0,0.0,0.0,wave_2_legislature_11_segment_1_stats.json,True,True
wave_2,11,1,AB-XY,0,0.0,0.0,0.0,wave_2_legislature_11_segment_1_stats.json,True,True
wave_2,11,1,AB-AY,0,0.0,0.0,0.0,wave_2_legislature_11_segment_1_stats.json,False,True
wave_2,11,2,A0-XA,23,0.25,0.56,0.56,wave_2_legislature_11_segment_2_stats.json,True,False
wave_2,11,2,A0-X0,18,0.2,0.44,0.44,wave_2_legislature_11_segment_2_stats.json,True,False
wave_2,11,2,A0-XY,0,0.0,0.0,0.0,wave_2_legislature_11_segment_2_stats.json,True,False
wave_2,11,2,A0-AY,0,0.0,0.0,0.0,wave_2_legislature_11_segment_2_stats.json,False,False
wave_2,11,2,AB-BA,21,0.23,0.41,0.41,wave_2_legislature_11_segment_2_stats.json,True,True
wave_2,11,2,AB-B0,17,0.18,0.33,0.33,wave_2_legislature_11_segment_2_stats.json,True,True
wave_2,11,2,AB-X0,5,0.05,0.1,0.1,wave_2_legislature_11_segment_2_stats.json,True,True
wave_2,11,2,AB-XA,8,0.09,0.16,0.16,wave_2_legislature_11_segment_2_stats.json,True,True
wave_2,11,2,AB-XB,0,0.0,0.0,0.0,wave_2_legislature_11_segment_2_stats.json,True,True
wave_2,11,2,AB-A0,0,0.0,0.0,0.0,wave_2_legislature_11_segment_2_stats.json,False,True
wave_2,11,2,AB-BY,0,0.0,0.0,0.0,wave_2_legislature_11_segment_2_stats.json,True,True
wave_2,11,2,AB-XY,0,0.0,0.0,0.0,wave_2_legislature_11_segment_2_stats.json,True,True
wave_2,11,2,AB-AY,0,0.0,0.0,0.0,wave_2_legislature_11_segment_2_stats.json,False,True
wave_2,11,3,A0-XA,21,0.23,0.57,0.57,wave_2_legislature_11_segment_3_stats.json,True,False
wave_2,11,3,A0-X0,16,0.17,0.43,0.43,wave_2_legislature_11_segment_3_stats.json,True,False
wave_2,11,3,A0-XY,0,0.0,0.0,0.0,wave_2_legislature_11_segment_3_stats.json,True,False
wave_2,11,3,A0-AY,0,0.0,0.0,0.0,wave_2_legislature_11_segment_3_stats.json,False,False
wave_2,11,3,AB-BA,26,0.28,0.46,0.46,wave_2_legislature_11_segment_3_stats.json,True,True
wave_2,11,3,AB-B0,19,0.2,0.34,0.34,wave_2_legislature_11_segment_3_stats.json,True,True
wave_2,11,3,AB-X0,1,0.01,0.02,0.02,wave_2_legislature_11_segment_3_stats.json,True,True
wave_2,11,3,AB-XA,10,0.11,0.18,0.18,wave_2_legislature_11_segment_3_stats.json,True,True
wave_2,11,3,AB-XB,0,0.0,0.0,0.0,wave_2_legislature_11_segment_3_stats.json,True,True
wave_2,11,3,AB-A0,0,0.0,0.0,0.0,wave_2_legislature_11_segment_3_stats.json,False,True
wave_2,11,3,AB-BY,0,0.0,0.0,0.0,wave_2_legislature_11_segment_3_stats.json,True,True
wave_2,11,3,AB-XY,0,0.0,0.0,0.0,wave_2_legislature_11_segment_3_stats.json,True,True
wave_2,11,3,AB-AY,0,0.0,0.0,0.0,wave_2_legislature_11_segment_3_stats.json,False,True
wave_2,12,1,A0-XA,14,0.15,0.74,0.74,wave_2_legislature_12_segment_1_stats.json,True,False
wave_2,12,1,A0-X0,5,0.05,0.26,0.26,wave_2_legislature_12_segment_1_stats.json,True,False
wave_2,12,1,A0-XY,0,0.0,0.0,0.0,wave_2_legislature_12_segment_1_stats.json,True,False
wave_2,12,1,A0-AY,0,0.0,0.0,0.0,wave_2_legislature_12_segment_1_stats.json,False,False
wave_2,12,1,AB-BA,20,0.22,0.28,0.28,wave_2_legislature_12_segment_1_stats.json,True,True
wave_2,12,1,AB-B0,1,0.01,0.01,0.01,wave_2_legislature_12_segment_1_stats.json,True,True
wave_2,12,1,AB-X0,5,0.05,0.07,0.07,wave_2_legislature_12_segment_1_stats.json,True,True
wave_2,12,1,AB-XA,46,0.51,0.64,0.64,wave_2_legislature_12_segment_1_stats.json,True,True
wave_2,12,1,AB-XB,0,0.0,0.0,0.0,wave_2_legislature_12_segment_1_stats.json,True,True
wave_2,12,1,AB-A0,0,0.0,0.0,0.0,wave_2_legislature_12_segment_1_stats.json,False,True
wave_2,12,1,AB-BY,0,0.0,0.0,0.0,wave_2_legislature_12_segment_1_stats.json,True,True
wave_2,12,1,AB-XY,0,0.0,0.0,0.0,wave_2_legislature_12_segment_1_stats.json,True,True
wave_2,12,1,AB-AY,0,0.0,0.0,0.0,wave_2_legislature_12_segment_1_stats.json,False,True
wave_2,12,2,A0-XA,4,0.04,0.8,0.8,wave_2_legislature_12_segment_2_stats.json,True,False
wave_2,12,2,A0-X0,1,0.01,0.2,0.2,wave_2_legislature_12_segment_2_stats.json,True,False
wave_2,12,2,A0-XY,0,0.0,0.0,0.0,wave_2_legislature_12_segment_2_stats.json,True,False
wave_2,12,2,A0-AY,0,0.0,0.0,0.0,wave_2_legislature_12_segment_2_stats.json,False,False
wave_2,12,2,AB-BA,18,0.2,0.21,0.21,wave_2_legislature_12_segment_2_stats.json,True,True
wave_2,12,2,AB-B0,2,0.02,0.02,0.02,wave_2_legislature_12_segment_2_stats.json,True,True
wave_2,12,2,AB-X0,10,0.11,0.11,0.11,wave_2_legislature_12_segment_2_stats.json,True,True
wave_2,12,2,AB-XA,57,0.62,0.66,0.66,wave_2_legislature_12_segment_2_stats.json,True,True
wave_2,12,2,AB-XB,0,0.0,0.0,0.0,wave_2_legislature_12_segment_2_stats.json,True,True
wave_2,12,2,AB-A0,0,0.0,0.0,0.0,wave_2_legislature_12_segment_2_stats.json,False,True
wave_2,12,2,AB-BY,0,0.0,0.0,0.0,wave_2_legislature_12_segment_2_stats.json,True,True
wave_2,12,2,AB-XY,0,0.0,0.0,0.0,wave_2_legislature_12_segment_2_stats.json,True,True
wave_2,12,2,AB-AY,0,0.0,0.0,0.0,wave_2_legislature_12_segment_2_stats.json,False,True
wave_2,12,3,A0-XA,23,0.25,0.52,0.52,wave_2_legislature_12_segment_3_stats.json,True,False
wave_2,12,3,A0-X0,21,0.23,0.48,0.48,wave_2_legislature_12_segment_3_stats.json,True,False
wave_2,12,3,A0-XY,0,0.0,0.0,0.0,wave_2_legislature_12_segment_3_stats.json,True,False
wave_2,12,3,A0-AY,0,0.0,0.0,0.0,wave_2_legislature_12_segment_3_stats.json,False,False
wave_2,12,3,AB-BA,16,0.17,0.33,0.33,wave_2_legislature_12_segment_3_stats.json,True,True
wave_2,12,3,AB-B0,9,0.1,0.19,0.19,wave_2_legislature_12_segment_3_stats.json,True,True
wave_2,12,3,AB-X0,7,0.08,0.15,0.15,wave_2_legislature_12_segment_3_stats.json,True,True
wave_2,12,3,AB-XA,16,0.17,0.33,0.33,wave_2_legislature_12_segment_3_stats.json,True,True
wave_2,12,3,AB-XB,0,0.0,0.0,0.0,wave_2_legislature_12_segment_3_stats.json,True,True
wave_2,12,3,AB-A0,0,0.0,0.0,0.0,wave_2_legislature_12_segment_3_stats.json,False,True
wave_2,12,3,AB-BY,0,0.0,0.0,0.0,wave_2_legislature_12_segment_3_stats.json,True,True
wave_2,12,3,AB-XY,0,0.0,0.0,0.0,wave_2_legislature_12_segment_3_stats.json,True,True
wave_2,12,3,AB-AY,0,0.0,0.0,0.0,wave_2_legislature_12_segment_3_stats.json,False,True
wave_2,13,1,A0-XA,34,0.42,0.71,0.71,wave_2_legislature_13_segment_1_stats.json,True,False
wave_2,13,1,A0-X0,14,0.18,0.29,0.29,wave_2_legislature_13_segment_1_stats.json,True,False
wave_2,13,1,A0-XY,0,0.0,0.0,0.0,wave_2_legislature_13_segment_1_stats.json,True,False
wave_2,13,1,A0-AY,0,0.0,0.0,0.0,wave_2_legislature_13_segment_1_stats.json,False,False
wave_2,13,1,AB-BA,0,0.0,0.0,0.0,wave_2_legislature_13_segment_1_stats.json,True,True
wave_2,13,1,AB-B0,32,0.4,1.0,1.0,wave_2_legislature_13_segment_1_stats.json,True,True
wave_2,13,1,AB-X0,0,0.0,0.0,0.0,wave_2_legislature_13_segment_1_stats.json,True,True
wave_2,13,1,AB-XA,0,0.0,0.0,0.0,wave_2_legislature_13_segment_1_stats.json,True,True
wave_2,13,1,AB-XB,0,0.0,0.0,0.0,wave_2_legislature_13_segment_1_stats.json,True,True
wave_2,13,1,AB-A0,0,0.0,0.0,0.0,wave_2_legislature_13_segment_1_stats.json,False,True
wave_2,13,1,AB-BY,0,0.0,0.0,0.0,wave_2_legislature_13_segment_1_stats.json,True,True
wave_2,13,1,AB-XY,0,0.0,0.0,0.0,wave_2_legislature_13_segment_1_stats.json,True,True
wave_2,13,1,AB-AY,0,0.0,0.0,0.0,wave_2_legislature_13_segment_1_stats.json,False,True
wave_2,13,2,A0-XA,24,0.3,0.53,0.53,wave_2_legislature_13_segment_2_stats.json,True,False
wave_2,13,2,A0-X0,21,0.26,0.47,0.47,wave_2_legislature_13_segment_2_stats.json,True,False
wave_2,13,2,A0-XY,0,0.0,0.0,0.0,wave_2_legislature_13_segment_2_stats.json,True,False
wave_2,13,2,A0-AY,0,0.0,0.0,0.0,wave_2_legislature_13_segment_2_stats.json,False,False
wave_2,13,2,AB-BA,11,0.14,0.31,0.31,wave_2_legislature_13_segment_2_stats.json,True,True
wave_2,13,2,AB-B0,15,0.19,0.42,0.42,wave_2_legislature_13_segment_2_stats.json,True,True
wave_2,13,2,AB-X0,3,0.04,0.08,0.08,wave_2_legislature_13_segment_2_stats.json,True,True
wave_2,13,2,AB-XA,7,0.09,0.19,0.19,wave_2_legislature_13_segment_2_stats.json,True,True
wave_2,13,2,AB-XB,0,0.0,0.0,0.0,wave_2_legislature_13_segment_2_stats.json,True,True
wave_2,13,2,AB-A0,0,0.0,0.0,0.0,wave_2_legislature_13_segment_2_stats.json,False,True
wave_2,13,2,AB-BY,0,0.0,0.0,0.0,wave_2_legislature_13_segment_2_stats.json,True,True
wave_2,13,2,AB-XY,0,0.0,0.0,0.0,wave_2_legislature_13_segment_2_stats.json,True,True
wave_2,13,2,AB-AY,0,0.0,0.0,0.0,wave_2_legislature_13_segment_2_stats.json,False,True
wave_2,13,3,A0-XA,25,0.31,0.64,0.64,wave_2_legislature_13_segment_3_stats.json,True,False
wave_2,13,3,A0-X0,14,0.17,0.36,0.36,wave_2_legislature_13_segment_3_stats.json,True,False
wave_2,13,3,A0-XY,0,0.0,0.0,0.0,wave_2_legislature_13_segment_3_stats.json,True,False
wave_2,13,3,A0-AY,0,0.0,0.0,0.0,wave_2_legislature_13_segment_3_stats.json,False,False
wave_2,13,3,AB-BA,5,0.06,0.12,0.12,wave_2_legislature_13_segment_3_stats.json,True,True
wave_2,13,3,AB-B0,27,0.33,0.64,0.64,wave_2_legislature_13_segment_3_stats.json,True,True
wave_2,13,3,AB-X0,1,0.01,0.02,0.02,wave_2_legislature_13_segment_3_stats.json,True,True
wave_2,13,3,AB-XA,9,0.11,0.21,0.21,wave_2_legislature_13_segment_3_stats.json,True,True
wave_2,13,3,AB-XB,0,0.0,0.0,0.0,wave_2_legislature_13_segment_3_stats.json,True,True
wave_2,13,3,AB-A0,0,0.0,0.0,0.0,wave_2_legislature_13_segment_3_stats.json,False,True
wave_2,13,3,AB-BY,0,0.0,0.0,0.0,wave_2_legislature_13_segment_3_stats.json,True,True
wave_2,13,3,AB-XY,0,0.0,0.0,0.0,wave_2_legislature_13_segment_3_stats.json,True,True
wave_2,13,3,AB-AY,0,0.0,0.0,0.0,wave_2_legislature_13_segment_3_stats.json,False,True
wave_2,14,1,A0-XA,9,0.12,0.13,0.13,wave_2_legislature_14_segment_1_stats.json,True,False
wave_2,14,1,A0-X0,59,0.77,0.87,0.87,wave_2_legislature_14_segment_1_stats.json,True,False
wave_2,14,1,A0-XY,0,0.0,0.0,0.0,wave_2_legislature_14_segment_1_stats.json,True,False
wave_2,14,1,A0-AY,0,0.0,0.0,0.0,wave_2_legislature_14_segment_1_stats.json,False,False
wave_2,14,1,AB-BA,0,0.0,0.0,0.0,wave_2_legislature_14_segment_1_stats.json,True,True
wave_2,14,1,AB-B0,8,0.1,0.89,0.89,wave_2_legislature_14_segment_1_stats.json,True,True
wave_2,14,1,AB-X0,1,0.01,0.11,0.11,wave_2_legislature_14_segment_1_stats.json,True,True
wave_2,14,1,AB-XA,0,0.0,0.0,0.0,wave_2_legislature_14_segment_1_stats.json,True,True
wave_2,14,1,AB-XB,0,0.0,0.0,0.0,wave_2_legislature_14_segment_1_stats.json,True,True
wave_2,14,1,AB-A0,0,0.0,0.0,0.0,wave_2_legislature_14_segment_1_stats.json,False,True
wave_2,14,1,AB-BY,0,0.0,0.0,0.0,wave_2_legislature_14_segment_1_stats.json,True,True
wave_2,14,1,AB-XY,0,0.0,0.0,0.0,wave_2_legislature_14_segment_1_stats.json,True,True
wave_2,14,1,AB-AY,0,0.0,0.0,0.0,wave_2_legislature_14_segment_1_stats.json,False,True
wave_2,14,2,A0-XA,13,0.16,0.22,0.22,wave_2_legislature_14_segment_2_stats.json,True,False
wave_2,14,2,A0-X0,46,0.58,0.78,0.78,wave_2_legislature_14_segment_2_stats.json,True,False
wave_2,14,2,A0-XY,0,0.0,0.0,0.0,wave_2_legislature_14_segment_2_stats.json,True,False
wave_2,14,2,A0-AY,0,0.0,0.0,0.0,wave_2_legislature_14_segment_2_stats.json,False,False
wave_2,14,2,AB-BA,5,0.06,0.25,0.26,wave_2_legislature_14_segment_2_stats.json,True,True
wave_2,14,2,AB-B0,10,0.13,0.5,0.53,wave_2_legislature_14_segment_2_stats.json,True,True
wave_2,14,2,AB-X0,3,0.04,0.15,0.16,wave_2_legislature_14_segment_2_stats.json,True,True
wave_2,14,2,AB-XA,1,0.01,0.05,0.05,wave_2_legislature_14_segment_2_stats.json,True,True
wave_2,14,2,AB-XB,0,0.0,0.0,0.0,wave_2_legislature_14_segment_2_stats.json,True,True
wave_2,14,2,AB-A0,1,0.01,0.05,0.0,wave_2_legislature_14_segment_2_stats.json,False,True
wave_2,14,2,AB-BY,0,0.0,0.0,0.0,wave_2_legislature_14_segment_2_stats.json,True,True
wave_2,14,2,AB-XY,0,0.0,0.0,0.0,wave_2_legislature_14_segment_2_stats.json,True,True
wave_2,14,2,AB-AY,0,0.0,0.0,0.0,wave_2_legislature_14_segment_2_stats.json,False,True
wave_2,14,3,A0-XA,13,0.16,0.22,0.22,wave_2_legislature_14_segment_3_stats.json,True,False
wave_2,14,3,A0-X0,45,0.57,0.78,0.78,wave_2_legislature_14_segment_3_stats.json,True,False
wave_2,14,3,A0-XY,0,0.0,0.0,0.0,wave_2_legislature_14_segment_3_stats.json,True,False
wave_2,14,3,A0-AY,0,0.0,0.0,0.0,wave_2_legislature_14_segment_3_stats.json,False,False
wave_2,14,3,AB-BA,3,0.04,0.14,0.15,wave_2_legislature_14_segment_3_stats.json,True,True
wave_2,14,3,AB-B0,14,0.18,0.67,0.7,wave_2_legislature_14_segment_3_stats.json,True,True
wave_2,14,3,AB-X0,1,0.01,0.05,0.05,wave_2_legislature_14_segment_3_stats.json,True,True
wave_2,14,3,AB-XA,2,0.03,0.1,0.1,wave_2_legislature_14_segment_3_stats.json,True,True
wave_2,14,3,AB-XB,0,0.0,0.0,0.0,wave_2_legislature_14_segment_3_stats.json,True,True
wave_2,14,3,AB-A0,1,0.01,0.05,0.0,wave_2_legislature_14_segment_3_stats.json,False,True
wave_2,14,3,AB-BY,0,0.0,0.0,0.0,wave_2_legislature_14_segment_3_stats.json,True,True
wave_2,14,3,AB-XY,0,0.0,0.0,0.0,wave_2_legislature_14_segment_3_stats.json,True,True
wave_2,14,3,AB-AY,0,0.0,0.0,0.0,wave_2_legislature_14_segment_3_stats.json,False,True
