dataset,legislature,segment,pshift,shift_class,global_probability,total_frequency,total_transitions
final_dataset,1,1,A0-X0,Turn Claiming,0.5987654320987654,97,162
final_dataset,1,1,A0-XA,Turn Claiming,0.19753086419753085,32,162
final_dataset,1,1,AB-B0,Turn Receiving,0.16666666666666666,27,162
final_dataset,1,1,AB-X0,Turn Usurping,0.018518518518518517,3,162
final_dataset,1,1,AB-BA,Turn Receiving,0.012345679012345678,2,162
final_dataset,1,1,AB-XA,Turn Usurping,0.006172839506172839,1,162
final_dataset,1,1,A0-AY,Turn Continuing,0.0,0,162
final_dataset,1,1,A0-XY,Turn Claiming,0.0,0,162
final_dataset,1,1,AB-A0,Turn Continuing,0.0,0,162
final_dataset,1,1,AB-AY,Turn Continuing,0.0,0,162
final_dataset,1,1,AB-BY,Turn Receiving,0.0,0,162
final_dataset,1,1,AB-XB,Turn Usurping,0.0,0,162
final_dataset,1,1,AB-XY,Turn Usurping,0.0,0,162
final_dataset,1,2,A0-X0,Turn Claiming,0.5792682926829268,95,164
final_dataset,1,2,A0-XA,Turn Claiming,0.2073170731707317,34,164
final_dataset,1,2,AB-B0,Turn Receiving,0.13414634146341464,22,164
final_dataset,1,2,AB-X0,Turn Usurping,0.04878048780487805,8,164
final_dataset,1,2,AB-A0,Turn Continuing,0.018292682926829267,3,164
final_dataset,1,2,AB-BA,Turn Receiving,0.006097560975609756,1,164
final_dataset,1,2,AB-XA,Turn Usurping,0.006097560975609756,1,164
final_dataset,1,2,A0-AY,Turn Continuing,0.0,0,164
final_dataset,1,2,A0-XY,Turn Claiming,0.0,0,164
final_dataset,1,2,AB-AY,Turn Continuing,0.0,0,164
final_dataset,1,2,AB-BY,Turn Receiving,0.0,0,164
final_dataset,1,2,AB-XB,Turn Usurping,0.0,0,164
final_dataset,1,2,AB-XY,Turn Usurping,0.0,0,164
final_dataset,1,3,A0-X0,Turn Claiming,0.6484848484848484,107,165
final_dataset,1,3,A0-XA,Turn Claiming,0.1696969696969697,28,165
final_dataset,1,3,AB-B0,Turn Receiving,0.07878787878787878,13,165
final_dataset,1,3,AB-X0,Turn Usurping,0.07878787878787878,13,165
final_dataset,1,3,AB-XA,Turn Usurping,0.01818181818181818,3,165
final_dataset,1,3,AB-A0,Turn Continuing,0.006060606060606061,1,165
final_dataset,1,3,A0-AY,Turn Continuing,0.0,0,165
final_dataset,1,3,A0-XY,Turn Claiming,0.0,0,165
final_dataset,1,3,AB-AY,Turn Continuing,0.0,0,165
final_dataset,1,3,AB-BA,Turn Receiving,0.0,0,165
final_dataset,1,3,AB-BY,Turn Receiving,0.0,0,165
final_dataset,1,3,AB-XB,Turn Usurping,0.0,0,165
final_dataset,1,3,AB-XY,Turn Usurping,0.0,0,165
final_dataset,2,1,A0-X0,Turn Claiming,0.37888198757763975,61,161
final_dataset,2,1,AB-BA,Turn Receiving,0.20496894409937888,33,161
final_dataset,2,1,A0-XA,Turn Claiming,0.15527950310559005,25,161
final_dataset,2,1,AB-XA,Turn Usurping,0.09316770186335403,15,161
final_dataset,2,1,AB-B0,Turn Receiving,0.08695652173913043,14,161
final_dataset,2,1,AB-X0,Turn Usurping,0.06832298136645963,11,161
final_dataset,2,1,AB-A0,Turn Continuing,0.012422360248447204,2,161
final_dataset,2,1,A0-AY,Turn Continuing,0.0,0,161
final_dataset,2,1,A0-XY,Turn Claiming,0.0,0,161
final_dataset,2,1,AB-AY,Turn Continuing,0.0,0,161
final_dataset,2,1,AB-BY,Turn Receiving,0.0,0,161
final_dataset,2,1,AB-XB,Turn Usurping,0.0,0,161
final_dataset,2,1,AB-XY,Turn Usurping,0.0,0,161
final_dataset,2,2,A0-X0,Turn Claiming,0.3393939393939394,56,165
final_dataset,2,2,A0-XA,Turn Claiming,0.19393939393939394,32,165
final_dataset,2,2,AB-BA,Turn Receiving,0.19393939393939394,32,165
final_dataset,2,2,AB-B0,Turn Receiving,0.1393939393939394,23,165
final_dataset,2,2,AB-X0,Turn Usurping,0.06666666666666667,11,165
final_dataset,2,2,AB-XA,Turn Usurping,0.06666666666666667,11,165
final_dataset,2,2,A0-AY,Turn Continuing,0.0,0,165
final_dataset,2,2,A0-XY,Turn Claiming,0.0,0,165
final_dataset,2,2,AB-A0,Turn Continuing,0.0,0,165
final_dataset,2,2,AB-AY,Turn Continuing,0.0,0,165
final_dataset,2,2,AB-BY,Turn Receiving,0.0,0,165
final_dataset,2,2,AB-XB,Turn Usurping,0.0,0,165
final_dataset,2,2,AB-XY,Turn Usurping,0.0,0,165
final_dataset,2,3,A0-X0,Turn Claiming,0.4819277108433735,80,166
final_dataset,2,3,AB-BA,Turn Receiving,0.1566265060240964,26,166
final_dataset,2,3,A0-XA,Turn Claiming,0.13253012048192772,22,166
final_dataset,2,3,AB-B0,Turn Receiving,0.0783132530120482,13,166
final_dataset,2,3,AB-XA,Turn Usurping,0.07228915662650602,12,166
final_dataset,2,3,AB-X0,Turn Usurping,0.06626506024096386,11,166
final_dataset,2,3,AB-A0,Turn Continuing,0.012048192771084338,2,166
final_dataset,2,3,A0-AY,Turn Continuing,0.0,0,166
final_dataset,2,3,A0-XY,Turn Claiming,0.0,0,166
final_dataset,2,3,AB-AY,Turn Continuing,0.0,0,166
final_dataset,2,3,AB-BY,Turn Receiving,0.0,0,166
final_dataset,2,3,AB-XB,Turn Usurping,0.0,0,166
final_dataset,2,3,AB-XY,Turn Usurping,0.0,0,166
final_dataset,3,1,A0-X0,Turn Claiming,0.4764705882352941,81,170
final_dataset,3,1,AB-BA,Turn Receiving,0.24705882352941178,42,170
final_dataset,3,1,A0-XA,Turn Claiming,0.11176470588235295,19,170
final_dataset,3,1,AB-B0,Turn Receiving,0.08235294117647059,14,170
final_dataset,3,1,AB-XA,Turn Usurping,0.07058823529411765,12,170
final_dataset,3,1,AB-X0,Turn Usurping,0.011764705882352941,2,170
final_dataset,3,1,A0-AY,Turn Continuing,0.0,0,170
final_dataset,3,1,A0-XY,Turn Claiming,0.0,0,170
final_dataset,3,1,AB-A0,Turn Continuing,0.0,0,170
final_dataset,3,1,AB-AY,Turn Continuing,0.0,0,170
final_dataset,3,1,AB-BY,Turn Receiving,0.0,0,170
final_dataset,3,1,AB-XB,Turn Usurping,0.0,0,170
final_dataset,3,1,AB-XY,Turn Usurping,0.0,0,170
final_dataset,3,2,A0-X0,Turn Claiming,0.4624277456647399,80,173
final_dataset,3,2,A0-XA,Turn Claiming,0.1907514450867052,33,173
final_dataset,3,2,AB-B0,Turn Receiving,0.1329479768786127,23,173
final_dataset,3,2,AB-BA,Turn Receiving,0.11560693641618497,20,173
final_dataset,3,2,AB-XA,Turn Usurping,0.05202312138728324,9,173
final_dataset,3,2,AB-X0,Turn Usurping,0.046242774566473986,8,173
final_dataset,3,2,A0-AY,Turn Continuing,0.0,0,173
final_dataset,3,2,A0-XY,Turn Claiming,0.0,0,173
final_dataset,3,2,AB-A0,Turn Continuing,0.0,0,173
final_dataset,3,2,AB-AY,Turn Continuing,0.0,0,173
final_dataset,3,2,AB-BY,Turn Receiving,0.0,0,173
final_dataset,3,2,AB-XB,Turn Usurping,0.0,0,173
final_dataset,3,2,AB-XY,Turn Usurping,0.0,0,173
final_dataset,3,3,A0-X0,Turn Claiming,0.4367816091954023,76,174
final_dataset,3,3,AB-BA,Turn Receiving,0.26436781609195403,46,174
final_dataset,3,3,A0-XA,Turn Claiming,0.10344827586206896,18,174
final_dataset,3,3,AB-B0,Turn Receiving,0.10344827586206896,18,174
final_dataset,3,3,AB-XA,Turn Usurping,0.06321839080459771,11,174
final_dataset,3,3,AB-X0,Turn Usurping,0.028735632183908046,5,174
final_dataset,3,3,A0-AY,Turn Continuing,0.0,0,174
final_dataset,3,3,A0-XY,Turn Claiming,0.0,0,174
final_dataset,3,3,AB-A0,Turn Continuing,0.0,0,174
final_dataset,3,3,AB-AY,Turn Continuing,0.0,0,174
final_dataset,3,3,AB-BY,Turn Receiving,0.0,0,174
final_dataset,3,3,AB-XB,Turn Usurping,0.0,0,174
final_dataset,3,3,AB-XY,Turn Usurping,0.0,0,174
final_dataset,4,1,A0-X0,Turn Claiming,0.2755905511811024,35,127
final_dataset,4,1,A0-XA,Turn Claiming,0.23622047244094488,30,127
final_dataset,4,1,AB-BA,Turn Receiving,0.2204724409448819,28,127
final_dataset,4,1,AB-B0,Turn Receiving,0.1732283464566929,22,127
final_dataset,4,1,AB-XA,Turn Usurping,0.07086614173228346,9,127
final_dataset,4,1,AB-X0,Turn Usurping,0.023622047244094488,3,127
final_dataset,4,1,A0-AY,Turn Continuing,0.0,0,127
final_dataset,4,1,A0-XY,Turn Claiming,0.0,0,127
final_dataset,4,1,AB-A0,Turn Continuing,0.0,0,127
final_dataset,4,1,AB-AY,Turn Continuing,0.0,0,127
final_dataset,4,1,AB-BY,Turn Receiving,0.0,0,127
final_dataset,4,1,AB-XB,Turn Usurping,0.0,0,127
final_dataset,4,1,AB-XY,Turn Usurping,0.0,0,127
final_dataset,4,2,A0-X0,Turn Claiming,0.3076923076923077,40,130
final_dataset,4,2,A0-XA,Turn Claiming,0.2846153846153846,37,130
final_dataset,4,2,AB-B0,Turn Receiving,0.16153846153846155,21,130
final_dataset,4,2,AB-XA,Turn Usurping,0.1,13,130
final_dataset,4,2,AB-BA,Turn Receiving,0.07692307692307693,10,130
final_dataset,4,2,AB-X0,Turn Usurping,0.06153846153846154,8,130
final_dataset,4,2,AB-A0,Turn Continuing,0.007692307692307693,1,130
final_dataset,4,2,A0-AY,Turn Continuing,0.0,0,130
final_dataset,4,2,A0-XY,Turn Claiming,0.0,0,130
final_dataset,4,2,AB-AY,Turn Continuing,0.0,0,130
final_dataset,4,2,AB-BY,Turn Receiving,0.0,0,130
final_dataset,4,2,AB-XB,Turn Usurping,0.0,0,130
final_dataset,4,2,AB-XY,Turn Usurping,0.0,0,130
final_dataset,4,3,A0-X0,Turn Claiming,0.45384615384615384,59,130
final_dataset,4,3,A0-XA,Turn Claiming,0.19230769230769232,25,130
final_dataset,4,3,AB-B0,Turn Receiving,0.14615384615384616,19,130
final_dataset,4,3,AB-BA,Turn Receiving,0.1076923076923077,14,130
final_dataset,4,3,AB-XA,Turn Usurping,0.06153846153846154,8,130
final_dataset,4,3,AB-X0,Turn Usurping,0.03076923076923077,4,130
final_dataset,4,3,AB-A0,Turn Continuing,0.007692307692307693,1,130
final_dataset,4,3,A0-AY,Turn Continuing,0.0,0,130
final_dataset,4,3,A0-XY,Turn Claiming,0.0,0,130
final_dataset,4,3,AB-AY,Turn Continuing,0.0,0,130
final_dataset,4,3,AB-BY,Turn Receiving,0.0,0,130
final_dataset,4,3,AB-XB,Turn Usurping,0.0,0,130
final_dataset,4,3,AB-XY,Turn Usurping,0.0,0,130
final_dataset,5,1,A0-X0,Turn Claiming,0.5394736842105263,82,152
final_dataset,5,1,AB-BA,Turn Receiving,0.14473684210526316,22,152
final_dataset,5,1,A0-XA,Turn Claiming,0.125,19,152
final_dataset,5,1,AB-X0,Turn Usurping,0.11842105263157894,18,152
final_dataset,5,1,AB-XA,Turn Usurping,0.05263157894736842,8,152
final_dataset,5,1,AB-B0,Turn Receiving,0.019736842105263157,3,152
final_dataset,5,1,A0-AY,Turn Continuing,0.0,0,152
final_dataset,5,1,A0-XY,Turn Claiming,0.0,0,152
final_dataset,5,1,AB-A0,Turn Continuing,0.0,0,152
final_dataset,5,1,AB-AY,Turn Continuing,0.0,0,152
final_dataset,5,1,AB-BY,Turn Receiving,0.0,0,152
final_dataset,5,1,AB-XB,Turn Usurping,0.0,0,152
final_dataset,5,1,AB-XY,Turn Usurping,0.0,0,152
final_dataset,5,2,A0-X0,Turn Claiming,0.461038961038961,71,154
final_dataset,5,2,A0-XA,Turn Claiming,0.18181818181818182,28,154
final_dataset,5,2,AB-B0,Turn Receiving,0.12337662337662338,19,154
final_dataset,5,2,AB-BA,Turn Receiving,0.11688311688311688,18,154
final_dataset,5,2,AB-XA,Turn Usurping,0.06493506493506493,10,154
final_dataset,5,2,AB-X0,Turn Usurping,0.05194805194805195,8,154
final_dataset,5,2,A0-AY,Turn Continuing,0.0,0,154
final_dataset,5,2,A0-XY,Turn Claiming,0.0,0,154
final_dataset,5,2,AB-A0,Turn Continuing,0.0,0,154
final_dataset,5,2,AB-AY,Turn Continuing,0.0,0,154
final_dataset,5,2,AB-BY,Turn Receiving,0.0,0,154
final_dataset,5,2,AB-XB,Turn Usurping,0.0,0,154
final_dataset,5,2,AB-XY,Turn Usurping,0.0,0,154
final_dataset,5,3,A0-X0,Turn Claiming,0.5096774193548387,79,155
final_dataset,5,3,A0-XA,Turn Claiming,0.16129032258064516,25,155
final_dataset,5,3,AB-BA,Turn Receiving,0.13548387096774195,21,155
final_dataset,5,3,AB-B0,Turn Receiving,0.1032258064516129,16,155
final_dataset,5,3,AB-X0,Turn Usurping,0.05806451612903226,9,155
final_dataset,5,3,AB-XA,Turn Usurping,0.03225806451612903,5,155
final_dataset,5,3,A0-AY,Turn Continuing,0.0,0,155
final_dataset,5,3,A0-XY,Turn Claiming,0.0,0,155
final_dataset,5,3,AB-A0,Turn Continuing,0.0,0,155
final_dataset,5,3,AB-AY,Turn Continuing,0.0,0,155
final_dataset,5,3,AB-BY,Turn Receiving,0.0,0,155
final_dataset,5,3,AB-XB,Turn Usurping,0.0,0,155
final_dataset,5,3,AB-XY,Turn Usurping,0.0,0,155
final_dataset,6,1,A0-X0,Turn Claiming,0.4326241134751773,61,141
final_dataset,6,1,A0-XA,Turn Claiming,0.2553191489361702,36,141
final_dataset,6,1,AB-B0,Turn Receiving,0.1702127659574468,24,141
final_dataset,6,1,AB-BA,Turn Receiving,0.06382978723404255,9,141
final_dataset,6,1,AB-X0,Turn Usurping,0.04964539007092199,7,141
final_dataset,6,1,AB-XA,Turn Usurping,0.028368794326241134,4,141
final_dataset,6,1,A0-AY,Turn Continuing,0.0,0,141
final_dataset,6,1,A0-XY,Turn Claiming,0.0,0,141
final_dataset,6,1,AB-A0,Turn Continuing,0.0,0,141
final_dataset,6,1,AB-AY,Turn Continuing,0.0,0,141
final_dataset,6,1,AB-BY,Turn Receiving,0.0,0,141
final_dataset,6,1,AB-XB,Turn Usurping,0.0,0,141
final_dataset,6,1,AB-XY,Turn Usurping,0.0,0,141
final_dataset,6,2,A0-X0,Turn Claiming,0.4236111111111111,61,144
final_dataset,6,2,A0-XA,Turn Claiming,0.18055555555555555,26,144
final_dataset,6,2,AB-BA,Turn Receiving,0.13194444444444445,19,144
final_dataset,6,2,AB-XA,Turn Usurping,0.11805555555555555,17,144
final_dataset,6,2,AB-B0,Turn Receiving,0.08333333333333333,12,144
final_dataset,6,2,AB-X0,Turn Usurping,0.0625,9,144
final_dataset,6,2,A0-AY,Turn Continuing,0.0,0,144
final_dataset,6,2,A0-XY,Turn Claiming,0.0,0,144
final_dataset,6,2,AB-A0,Turn Continuing,0.0,0,144
final_dataset,6,2,AB-AY,Turn Continuing,0.0,0,144
final_dataset,6,2,AB-BY,Turn Receiving,0.0,0,144
final_dataset,6,2,AB-XB,Turn Usurping,0.0,0,144
final_dataset,6,2,AB-XY,Turn Usurping,0.0,0,144
final_dataset,6,3,A0-X0,Turn Claiming,0.3958333333333333,57,144
final_dataset,6,3,A0-XA,Turn Claiming,0.1736111111111111,25,144
final_dataset,6,3,AB-BA,Turn Receiving,0.1597222222222222,23,144
final_dataset,6,3,AB-XA,Turn Usurping,0.1111111111111111,16,144
final_dataset,6,3,AB-B0,Turn Receiving,0.10416666666666667,15,144
final_dataset,6,3,AB-X0,Turn Usurping,0.05555555555555555,8,144
final_dataset,6,3,A0-AY,Turn Continuing,0.0,0,144
final_dataset,6,3,A0-XY,Turn Claiming,0.0,0,144
final_dataset,6,3,AB-A0,Turn Continuing,0.0,0,144
final_dataset,6,3,AB-AY,Turn Continuing,0.0,0,144
final_dataset,6,3,AB-BY,Turn Receiving,0.0,0,144
final_dataset,6,3,AB-XB,Turn Usurping,0.0,0,144
final_dataset,6,3,AB-XY,Turn Usurping,0.0,0,144
final_dataset,7,1,A0-X0,Turn Claiming,0.3756906077348066,68,181
final_dataset,7,1,A0-XA,Turn Claiming,0.2154696132596685,39,181
final_dataset,7,1,AB-B0,Turn Receiving,0.14917127071823205,27,181
final_dataset,7,1,AB-BA,Turn Receiving,0.11602209944751381,21,181
final_dataset,7,1,AB-XA,Turn Usurping,0.09392265193370165,17,181
final_dataset,7,1,AB-X0,Turn Usurping,0.04419889502762431,8,181
final_dataset,7,1,AB-A0,Turn Continuing,0.0055248618784530384,1,181
final_dataset,7,1,A0-AY,Turn Continuing,0.0,0,181
final_dataset,7,1,A0-XY,Turn Claiming,0.0,0,181
final_dataset,7,1,AB-AY,Turn Continuing,0.0,0,181
final_dataset,7,1,AB-BY,Turn Receiving,0.0,0,181
final_dataset,7,1,AB-XB,Turn Usurping,0.0,0,181
final_dataset,7,1,AB-XY,Turn Usurping,0.0,0,181
final_dataset,7,2,A0-X0,Turn Claiming,0.4540540540540541,84,185
final_dataset,7,2,A0-XA,Turn Claiming,0.1945945945945946,36,185
final_dataset,7,2,AB-B0,Turn Receiving,0.12972972972972974,24,185
final_dataset,7,2,AB-X0,Turn Usurping,0.0972972972972973,18,185
final_dataset,7,2,AB-BA,Turn Receiving,0.06486486486486487,12,185
final_dataset,7,2,AB-XA,Turn Usurping,0.05945945945945946,11,185
final_dataset,7,2,A0-AY,Turn Continuing,0.0,0,185
final_dataset,7,2,A0-XY,Turn Claiming,0.0,0,185
final_dataset,7,2,AB-A0,Turn Continuing,0.0,0,185
final_dataset,7,2,AB-AY,Turn Continuing,0.0,0,185
final_dataset,7,2,AB-BY,Turn Receiving,0.0,0,185
final_dataset,7,2,AB-XB,Turn Usurping,0.0,0,185
final_dataset,7,2,AB-XY,Turn Usurping,0.0,0,185
final_dataset,7,3,A0-X0,Turn Claiming,0.40540540540540543,75,185
final_dataset,7,3,A0-XA,Turn Claiming,0.22702702702702704,42,185
final_dataset,7,3,AB-B0,Turn Receiving,0.14054054054054055,26,185
final_dataset,7,3,AB-BA,Turn Receiving,0.11891891891891893,22,185
final_dataset,7,3,AB-X0,Turn Usurping,0.07567567567567568,14,185
final_dataset,7,3,AB-XA,Turn Usurping,0.032432432432432434,6,185
final_dataset,7,3,A0-AY,Turn Continuing,0.0,0,185
final_dataset,7,3,A0-XY,Turn Claiming,0.0,0,185
final_dataset,7,3,AB-A0,Turn Continuing,0.0,0,185
final_dataset,7,3,AB-AY,Turn Continuing,0.0,0,185
final_dataset,7,3,AB-BY,Turn Receiving,0.0,0,185
final_dataset,7,3,AB-XB,Turn Usurping,0.0,0,185
final_dataset,7,3,AB-XY,Turn Usurping,0.0,0,185
final_dataset,8,1,A0-X0,Turn Claiming,0.33816425120772947,70,207
final_dataset,8,1,A0-XA,Turn Claiming,0.16908212560386474,35,207
final_dataset,8,1,AB-XA,Turn Usurping,0.16908212560386474,35,207
final_dataset,8,1,AB-B0,Turn Receiving,0.14009661835748793,29,207
final_dataset,8,1,AB-BA,Turn Receiving,0.12077294685990338,25,207
final_dataset,8,1,AB-X0,Turn Usurping,0.06280193236714976,13,207
final_dataset,8,1,A0-AY,Turn Continuing,0.0,0,207
final_dataset,8,1,A0-XY,Turn Claiming,0.0,0,207
final_dataset,8,1,AB-A0,Turn Continuing,0.0,0,207
final_dataset,8,1,AB-AY,Turn Continuing,0.0,0,207
final_dataset,8,1,AB-BY,Turn Receiving,0.0,0,207
final_dataset,8,1,AB-XB,Turn Usurping,0.0,0,207
final_dataset,8,1,AB-XY,Turn Usurping,0.0,0,207
final_dataset,8,2,A0-X0,Turn Claiming,0.3014354066985646,63,209
final_dataset,8,2,A0-XA,Turn Claiming,0.2631578947368421,55,209
final_dataset,8,2,AB-B0,Turn Receiving,0.20095693779904306,42,209
final_dataset,8,2,AB-XA,Turn Usurping,0.10526315789473684,22,209
final_dataset,8,2,AB-BA,Turn Receiving,0.07177033492822966,15,209
final_dataset,8,2,AB-X0,Turn Usurping,0.05741626794258373,12,209
final_dataset,8,2,A0-AY,Turn Continuing,0.0,0,209
final_dataset,8,2,A0-XY,Turn Claiming,0.0,0,209
final_dataset,8,2,AB-A0,Turn Continuing,0.0,0,209
final_dataset,8,2,AB-AY,Turn Continuing,0.0,0,209
final_dataset,8,2,AB-BY,Turn Receiving,0.0,0,209
final_dataset,8,2,AB-XB,Turn Usurping,0.0,0,209
final_dataset,8,2,AB-XY,Turn Usurping,0.0,0,209
final_dataset,8,3,A0-X0,Turn Claiming,0.38095238095238093,80,210
final_dataset,8,3,A0-XA,Turn Claiming,0.21428571428571427,45,210
final_dataset,8,3,AB-B0,Turn Receiving,0.1619047619047619,34,210
final_dataset,8,3,AB-X0,Turn Usurping,0.09047619047619047,19,210
final_dataset,8,3,AB-BA,Turn Receiving,0.08095238095238096,17,210
final_dataset,8,3,AB-XA,Turn Usurping,0.07142857142857142,15,210
final_dataset,8,3,A0-AY,Turn Continuing,0.0,0,210
final_dataset,8,3,A0-XY,Turn Claiming,0.0,0,210
final_dataset,8,3,AB-A0,Turn Continuing,0.0,0,210
final_dataset,8,3,AB-AY,Turn Continuing,0.0,0,210
final_dataset,8,3,AB-BY,Turn Receiving,0.0,0,210
final_dataset,8,3,AB-XB,Turn Usurping,0.0,0,210
final_dataset,8,3,AB-XY,Turn Usurping,0.0,0,210
final_dataset,9,1,A0-X0,Turn Claiming,0.29435483870967744,73,248
final_dataset,9,1,A0-XA,Turn Claiming,0.24596774193548387,61,248
final_dataset,9,1,AB-B0,Turn Receiving,0.15725806451612903,39,248
final_dataset,9,1,AB-XA,Turn Usurping,0.14919354838709678,37,248
final_dataset,9,1,AB-BA,Turn Receiving,0.07661290322580645,19,248
final_dataset,9,1,AB-X0,Turn Usurping,0.07661290322580645,19,248
final_dataset,9,1,A0-AY,Turn Continuing,0.0,0,248
final_dataset,9,1,A0-XY,Turn Claiming,0.0,0,248
final_dataset,9,1,AB-A0,Turn Continuing,0.0,0,248
final_dataset,9,1,AB-AY,Turn Continuing,0.0,0,248
final_dataset,9,1,AB-BY,Turn Receiving,0.0,0,248
final_dataset,9,1,AB-XB,Turn Usurping,0.0,0,248
final_dataset,9,1,AB-XY,Turn Usurping,0.0,0,248
final_dataset,9,2,A0-X0,Turn Claiming,0.36254980079681276,91,251
final_dataset,9,2,AB-XA,Turn Usurping,0.18725099601593626,47,251
final_dataset,9,2,A0-XA,Turn Claiming,0.17928286852589642,45,251
final_dataset,9,2,AB-BA,Turn Receiving,0.10756972111553785,27,251
final_dataset,9,2,AB-B0,Turn Receiving,0.09561752988047809,24,251
final_dataset,9,2,AB-X0,Turn Usurping,0.06374501992031872,16,251
final_dataset,9,2,AB-A0,Turn Continuing,0.00398406374501992,1,251
final_dataset,9,2,A0-AY,Turn Continuing,0.0,0,251
final_dataset,9,2,A0-XY,Turn Claiming,0.0,0,251
final_dataset,9,2,AB-AY,Turn Continuing,0.0,0,251
final_dataset,9,2,AB-BY,Turn Receiving,0.0,0,251
final_dataset,9,2,AB-XB,Turn Usurping,0.0,0,251
final_dataset,9,2,AB-XY,Turn Usurping,0.0,0,251
final_dataset,9,3,A0-X0,Turn Claiming,0.34523809523809523,87,252
final_dataset,9,3,A0-XA,Turn Claiming,0.26587301587301587,67,252
final_dataset,9,3,AB-B0,Turn Receiving,0.1865079365079365,47,252
final_dataset,9,3,AB-BA,Turn Receiving,0.06746031746031746,17,252
final_dataset,9,3,AB-X0,Turn Usurping,0.05952380952380952,15,252
final_dataset,9,3,AB-XA,Turn Usurping,0.05952380952380952,15,252
final_dataset,9,3,AB-A0,Turn Continuing,0.015873015873015872,4,252
final_dataset,9,3,A0-AY,Turn Continuing,0.0,0,252
final_dataset,9,3,A0-XY,Turn Claiming,0.0,0,252
final_dataset,9,3,AB-AY,Turn Continuing,0.0,0,252
final_dataset,9,3,AB-BY,Turn Receiving,0.0,0,252
final_dataset,9,3,AB-XB,Turn Usurping,0.0,0,252
final_dataset,9,3,AB-XY,Turn Usurping,0.0,0,252
final_dataset,10,1,A0-X0,Turn Claiming,0.32019704433497537,65,203
final_dataset,10,1,AB-XA,Turn Usurping,0.2315270935960591,47,203
final_dataset,10,1,A0-XA,Turn Claiming,0.15270935960591134,31,203
final_dataset,10,1,AB-B0,Turn Receiving,0.12807881773399016,26,203
final_dataset,10,1,AB-X0,Turn Usurping,0.10837438423645321,22,203
final_dataset,10,1,AB-BA,Turn Receiving,0.059113300492610835,12,203
final_dataset,10,1,A0-AY,Turn Continuing,0.0,0,203
final_dataset,10,1,A0-XY,Turn Claiming,0.0,0,203
final_dataset,10,1,AB-A0,Turn Continuing,0.0,0,203
final_dataset,10,1,AB-AY,Turn Continuing,0.0,0,203
final_dataset,10,1,AB-BY,Turn Receiving,0.0,0,203
final_dataset,10,1,AB-XB,Turn Usurping,0.0,0,203
final_dataset,10,1,AB-XY,Turn Usurping,0.0,0,203
final_dataset,10,2,A0-X0,Turn Claiming,0.28640776699029125,59,206
final_dataset,10,2,AB-XA,Turn Usurping,0.2669902912621359,55,206
final_dataset,10,2,A0-XA,Turn Claiming,0.1407766990291262,29,206
final_dataset,10,2,AB-B0,Turn Receiving,0.1407766990291262,29,206
final_dataset,10,2,AB-BA,Turn Receiving,0.10194174757281553,21,206
final_dataset,10,2,AB-X0,Turn Usurping,0.06310679611650485,13,206
final_dataset,10,2,A0-AY,Turn Continuing,0.0,0,206
final_dataset,10,2,A0-XY,Turn Claiming,0.0,0,206
final_dataset,10,2,AB-A0,Turn Continuing,0.0,0,206
final_dataset,10,2,AB-AY,Turn Continuing,0.0,0,206
final_dataset,10,2,AB-BY,Turn Receiving,0.0,0,206
final_dataset,10,2,AB-XB,Turn Usurping,0.0,0,206
final_dataset,10,2,AB-XY,Turn Usurping,0.0,0,206
final_dataset,10,3,A0-X0,Turn Claiming,0.3106796116504854,64,206
final_dataset,10,3,AB-XA,Turn Usurping,0.21844660194174756,45,206
final_dataset,10,3,A0-XA,Turn Claiming,0.14563106796116504,30,206
final_dataset,10,3,AB-B0,Turn Receiving,0.13106796116504854,27,206
final_dataset,10,3,AB-BA,Turn Receiving,0.12135922330097088,25,206
final_dataset,10,3,AB-X0,Turn Usurping,0.07281553398058252,15,206
final_dataset,10,3,A0-AY,Turn Continuing,0.0,0,206
final_dataset,10,3,A0-XY,Turn Claiming,0.0,0,206
final_dataset,10,3,AB-A0,Turn Continuing,0.0,0,206
final_dataset,10,3,AB-AY,Turn Continuing,0.0,0,206
final_dataset,10,3,AB-BY,Turn Receiving,0.0,0,206
final_dataset,10,3,AB-XB,Turn Usurping,0.0,0,206
final_dataset,10,3,AB-XY,Turn Usurping,0.0,0,206
final_dataset,11,1,A0-X0,Turn Claiming,0.45604395604395603,83,182
final_dataset,11,1,A0-XA,Turn Claiming,0.27472527472527475,50,182
final_dataset,11,1,AB-B0,Turn Receiving,0.24725274725274726,45,182
final_dataset,11,1,AB-BA,Turn Receiving,0.01098901098901099,2,182
final_dataset,11,1,AB-X0,Turn Usurping,0.005494505494505495,1,182
final_dataset,11,1,AB-XA,Turn Usurping,0.005494505494505495,1,182
final_dataset,11,1,A0-AY,Turn Continuing,0.0,0,182
final_dataset,11,1,A0-XY,Turn Claiming,0.0,0,182
final_dataset,11,1,AB-A0,Turn Continuing,0.0,0,182
final_dataset,11,1,AB-AY,Turn Continuing,0.0,0,182
final_dataset,11,1,AB-BY,Turn Receiving,0.0,0,182
final_dataset,11,1,AB-XB,Turn Usurping,0.0,0,182
final_dataset,11,1,AB-XY,Turn Usurping,0.0,0,182
final_dataset,11,2,A0-X0,Turn Claiming,0.5,92,184
final_dataset,11,2,A0-XA,Turn Claiming,0.16847826086956522,31,184
final_dataset,11,2,AB-B0,Turn Receiving,0.1358695652173913,25,184
final_dataset,11,2,AB-BA,Turn Receiving,0.11413043478260869,21,184
final_dataset,11,2,AB-XA,Turn Usurping,0.043478260869565216,8,184
final_dataset,11,2,AB-X0,Turn Usurping,0.03804347826086957,7,184
final_dataset,11,2,A0-AY,Turn Continuing,0.0,0,184
final_dataset,11,2,A0-XY,Turn Claiming,0.0,0,184
final_dataset,11,2,AB-A0,Turn Continuing,0.0,0,184
final_dataset,11,2,AB-AY,Turn Continuing,0.0,0,184
final_dataset,11,2,AB-BY,Turn Receiving,0.0,0,184
final_dataset,11,2,AB-XB,Turn Usurping,0.0,0,184
final_dataset,11,2,AB-XY,Turn Usurping,0.0,0,184
final_dataset,11,3,A0-X0,Turn Claiming,0.46774193548387094,87,186
final_dataset,11,3,A0-XA,Turn Claiming,0.17204301075268819,32,186
final_dataset,11,3,AB-B0,Turn Receiving,0.15591397849462366,29,186
final_dataset,11,3,AB-BA,Turn Receiving,0.13978494623655913,26,186
final_dataset,11,3,AB-XA,Turn Usurping,0.053763440860215055,10,186
final_dataset,11,3,AB-X0,Turn Usurping,0.010752688172043012,2,186
final_dataset,11,3,A0-AY,Turn Continuing,0.0,0,186
final_dataset,11,3,A0-XY,Turn Claiming,0.0,0,186
final_dataset,11,3,AB-A0,Turn Continuing,0.0,0,186
final_dataset,11,3,AB-AY,Turn Continuing,0.0,0,186
final_dataset,11,3,AB-BY,Turn Receiving,0.0,0,186
final_dataset,11,3,AB-XB,Turn Usurping,0.0,0,186
final_dataset,11,3,AB-XY,Turn Usurping,0.0,0,186
final_dataset,12,1,A0-X0,Turn Claiming,0.3956043956043956,72,182
final_dataset,12,1,AB-XA,Turn Usurping,0.25274725274725274,46,182
final_dataset,12,1,A0-XA,Turn Claiming,0.14285714285714285,26,182
final_dataset,12,1,AB-BA,Turn Receiving,0.10989010989010989,20,182
final_dataset,12,1,AB-B0,Turn Receiving,0.07142857142857142,13,182
final_dataset,12,1,AB-X0,Turn Usurping,0.027472527472527472,5,182
final_dataset,12,1,A0-AY,Turn Continuing,0.0,0,182
final_dataset,12,1,A0-XY,Turn Claiming,0.0,0,182
final_dataset,12,1,AB-A0,Turn Continuing,0.0,0,182
final_dataset,12,1,AB-AY,Turn Continuing,0.0,0,182
final_dataset,12,1,AB-BY,Turn Receiving,0.0,0,182
final_dataset,12,1,AB-XB,Turn Usurping,0.0,0,182
final_dataset,12,1,AB-XY,Turn Usurping,0.0,0,182
final_dataset,12,2,A0-X0,Turn Claiming,0.31521739130434784,58,184
final_dataset,12,2,AB-XA,Turn Usurping,0.31521739130434784,58,184
final_dataset,12,2,A0-XA,Turn Claiming,0.11413043478260869,21,184
final_dataset,12,2,AB-B0,Turn Receiving,0.09782608695652174,18,184
final_dataset,12,2,AB-BA,Turn Receiving,0.09782608695652174,18,184
final_dataset,12,2,AB-X0,Turn Usurping,0.059782608695652176,11,184
final_dataset,12,2,A0-AY,Turn Continuing,0.0,0,184
final_dataset,12,2,A0-XY,Turn Claiming,0.0,0,184
final_dataset,12,2,AB-A0,Turn Continuing,0.0,0,184
final_dataset,12,2,AB-AY,Turn Continuing,0.0,0,184
final_dataset,12,2,AB-BY,Turn Receiving,0.0,0,184
final_dataset,12,2,AB-XB,Turn Usurping,0.0,0,184
final_dataset,12,2,AB-XY,Turn Usurping,0.0,0,184
final_dataset,12,3,A0-X0,Turn Claiming,0.5597826086956522,103,184
final_dataset,12,3,A0-XA,Turn Claiming,0.15217391304347827,28,184
final_dataset,12,3,AB-BA,Turn Receiving,0.08695652173913043,16,184
final_dataset,12,3,AB-XA,Turn Usurping,0.08695652173913043,16,184
final_dataset,12,3,AB-B0,Turn Receiving,0.07608695652173914,14,184
final_dataset,12,3,AB-X0,Turn Usurping,0.03804347826086957,7,184
final_dataset,12,3,A0-AY,Turn Continuing,0.0,0,184
final_dataset,12,3,A0-XY,Turn Claiming,0.0,0,184
final_dataset,12,3,AB-A0,Turn Continuing,0.0,0,184
final_dataset,12,3,AB-AY,Turn Continuing,0.0,0,184
final_dataset,12,3,AB-BY,Turn Receiving,0.0,0,184
final_dataset,12,3,AB-XB,Turn Usurping,0.0,0,184
final_dataset,12,3,AB-XY,Turn Usurping,0.0,0,184
final_dataset,13,1,A0-X0,Turn Claiming,0.4875,78,160
final_dataset,13,1,A0-XA,Turn Claiming,0.2625,42,160
final_dataset,13,1,AB-B0,Turn Receiving,0.24375,39,160
final_dataset,13,1,AB-X0,Turn Usurping,0.00625,1,160
final_dataset,13,1,A0-AY,Turn Continuing,0.0,0,160
final_dataset,13,1,A0-XY,Turn Claiming,0.0,0,160
final_dataset,13,1,AB-A0,Turn Continuing,0.0,0,160
final_dataset,13,1,AB-AY,Turn Continuing,0.0,0,160
final_dataset,13,1,AB-BA,Turn Receiving,0.0,0,160
final_dataset,13,1,AB-BY,Turn Receiving,0.0,0,160
final_dataset,13,1,AB-XA,Turn Usurping,0.0,0,160
final_dataset,13,1,AB-XB,Turn Usurping,0.0,0,160
final_dataset,13,1,AB-XY,Turn Usurping,0.0,0,160
final_dataset,13,2,A0-X0,Turn Claiming,0.4876543209876543,79,162
final_dataset,13,2,A0-XA,Turn Claiming,0.2222222222222222,36,162
final_dataset,13,2,AB-B0,Turn Receiving,0.14814814814814814,24,162
final_dataset,13,2,AB-BA,Turn Receiving,0.06790123456790123,11,162
final_dataset,13,2,AB-XA,Turn Usurping,0.043209876543209874,7,162
final_dataset,13,2,AB-X0,Turn Usurping,0.030864197530864196,5,162
final_dataset,13,2,A0-AY,Turn Continuing,0.0,0,162
final_dataset,13,2,A0-XY,Turn Claiming,0.0,0,162
final_dataset,13,2,AB-A0,Turn Continuing,0.0,0,162
final_dataset,13,2,AB-AY,Turn Continuing,0.0,0,162
final_dataset,13,2,AB-BY,Turn Receiving,0.0,0,162
final_dataset,13,2,AB-XB,Turn Usurping,0.0,0,162
final_dataset,13,2,AB-XY,Turn Usurping,0.0,0,162
final_dataset,13,3,A0-X0,Turn Claiming,0.5308641975308642,86,162
final_dataset,13,3,AB-B0,Turn Receiving,0.19753086419753085,32,162
final_dataset,13,3,A0-XA,Turn Claiming,0.17901234567901234,29,162
final_dataset,13,3,AB-XA,Turn Usurping,0.05555555555555555,9,162
final_dataset,13,3,AB-BA,Turn Receiving,0.030864197530864196,5,162
final_dataset,13,3,AB-X0,Turn Usurping,0.006172839506172839,1,162
final_dataset,13,3,A0-AY,Turn Continuing,0.0,0,162
final_dataset,13,3,A0-XY,Turn Claiming,0.0,0,162
final_dataset,13,3,AB-A0,Turn Continuing,0.0,0,162
final_dataset,13,3,AB-AY,Turn Continuing,0.0,0,162
final_dataset,13,3,AB-BY,Turn Receiving,0.0,0,162
final_dataset,13,3,AB-XB,Turn Usurping,0.0,0,162
final_dataset,13,3,AB-XY,Turn Usurping,0.0,0,162
final_dataset,14,1,A0-X0,Turn Claiming,0.8354430379746836,132,158
final_dataset,14,1,A0-XA,Turn Claiming,0.08227848101265822,13,158
final_dataset,14,1,AB-B0,Turn Receiving,0.0759493670886076,12,158
final_dataset,14,1,AB-X0,Turn Usurping,0.006329113924050633,1,158
final_dataset,14,1,A0-AY,Turn Continuing,0.0,0,158
final_dataset,14,1,A0-XY,Turn Claiming,0.0,0,158
final_dataset,14,1,AB-A0,Turn Continuing,0.0,0,158
final_dataset,14,1,AB-AY,Turn Continuing,0.0,0,158
final_dataset,14,1,AB-BA,Turn Receiving,0.0,0,158
final_dataset,14,1,AB-BY,Turn Receiving,0.0,0,158
final_dataset,14,1,AB-XA,Turn Usurping,0.0,0,158
final_dataset,14,1,AB-XB,Turn Usurping,0.0,0,158
final_dataset,14,1,AB-XY,Turn Usurping,0.0,0,158
final_dataset,14,2,A0-X0,Turn Claiming,0.7839506172839507,127,162
final_dataset,14,2,A0-XA,Turn Claiming,0.08641975308641975,14,162
final_dataset,14,2,AB-B0,Turn Receiving,0.06790123456790123,11,162
final_dataset,14,2,AB-BA,Turn Receiving,0.030864197530864196,5,162
final_dataset,14,2,AB-X0,Turn Usurping,0.018518518518518517,3,162
final_dataset,14,2,AB-A0,Turn Continuing,0.006172839506172839,1,162
final_dataset,14,2,AB-XA,Turn Usurping,0.006172839506172839,1,162
final_dataset,14,2,A0-AY,Turn Continuing,0.0,0,162
final_dataset,14,2,A0-XY,Turn Claiming,0.0,0,162
final_dataset,14,2,AB-AY,Turn Continuing,0.0,0,162
final_dataset,14,2,AB-BY,Turn Receiving,0.0,0,162
final_dataset,14,2,AB-XB,Turn Usurping,0.0,0,162
final_dataset,14,2,AB-XY,Turn Usurping,0.0,0,162
final_dataset,14,3,A0-X0,Turn Claiming,0.7407407407407407,120,162
final_dataset,14,3,A0-XA,Turn Claiming,0.10493827160493827,17,162
final_dataset,14,3,AB-B0,Turn Receiving,0.09876543209876543,16,162
final_dataset,14,3,AB-BA,Turn Receiving,0.018518518518518517,3,162
final_dataset,14,3,AB-X0,Turn Usurping,0.018518518518518517,3,162
final_dataset,14,3,AB-XA,Turn Usurping,0.012345679012345678,2,162
final_dataset,14,3,AB-A0,Turn Continuing,0.006172839506172839,1,162
final_dataset,14,3,A0-AY,Turn Continuing,0.0,0,162
final_dataset,14,3,A0-XY,Turn Claiming,0.0,0,162
final_dataset,14,3,AB-AY,Turn Continuing,0.0,0,162
final_dataset,14,3,AB-BY,Turn Receiving,0.0,0,162
final_dataset,14,3,AB-XB,Turn Usurping,0.0,0,162
final_dataset,14,3,AB-XY,Turn Usurping,0.0,0,162
